_id,Yil,Ilce,Mahalle,Gelen Ariza,Cevaplanan Ariza
1,2022,ADALAR,BURGAZADA MAH,485,430
2,2022,ADALAR,HEYBELİADA MAH,288,275
3,2022,ADALAR,KINALIADA MAH,421,380
4,2022,ADALAR,MADEN MAH,190,178
5,2022,ADALAR,NİZAM MAH,193,184
6,2022,ARNAVUTKÖY,ADNAN MENDERES MAH.,64,64
7,2022,ARNAVUTKÖY,ANADOLU MAH.,529,529
8,2022,ARNAVUTKÖY,ARNAVUTKÖY MERKEZ MAH.,293,293
9,2022,ARNAVUTKÖY,ATATÜRK MAH.,91,91
10,2022,ARNAVUTKÖY,BAKLALI MAH,114,114
11,2022,ARNAVUTKÖY,BALABAN MAH,99,99
12,2022,ARNAVUTKÖY,BOĞAZKÖY İSTİKLAL MAH.,221,221
13,2022,ARNAVUTKÖY,BOLLUCA MAH.,58,58
14,2022,ARNAVUTKÖY,BOYALIK MAH,99,99
15,2022,ARNAVUTKÖY,ÇİLİNGİR MAH.,116,116
16,2022,ARNAVUTKÖY,DELİKLİKAYA MAH.,143,143
17,2022,ARNAVUTKÖY,DURSUNKÖY MAH.,56,56
18,2022,ARNAVUTKÖY,DURUSU MAH,49,49
19,2022,ARNAVUTKÖY,FATİH MAH.,82,82
20,2022,ARNAVUTKÖY,HACIMAŞLI MAH,30,30
21,2022,ARNAVUTKÖY,HADIMKÖY MAH.,314,314
22,2022,ARNAVUTKÖY,HARAÇÇI MAH.,191,191
23,2022,ARNAVUTKÖY,HASTANE MAH.,224,224
24,2022,ARNAVUTKÖY,HİCRET MAH.,46,46
25,2022,ARNAVUTKÖY,İMRAHOR MAH.,294,294
26,2022,ARNAVUTKÖY,İSLAMBEY MAH.,404,404
27,2022,ARNAVUTKÖY,KARABURUN MAH,119,119
28,2022,ARNAVUTKÖY,KARLIBAYIR MAH.,186,186
29,2022,ARNAVUTKÖY,MAREŞAL FEVZİ ÇAKMAK MAH,137,137
30,2022,ARNAVUTKÖY,MAVİGÖL MAH.,85,85
31,2022,ARNAVUTKÖY,MEHMET AKİF ERSOY MAH.,103,103
32,2022,ARNAVUTKÖY,MUSTAFA KEMAL PAŞA MAH.,319,319
33,2022,ARNAVUTKÖY,NENEHATUN MAH.,140,140
34,2022,ARNAVUTKÖY,ÖMERLİ MAH.,127,127
35,2022,ARNAVUTKÖY,SAZLIBOSNA MAH.,56,56
36,2022,ARNAVUTKÖY,TAŞOLUK MAH.,127,127
37,2022,ARNAVUTKÖY,TAYAKADIN MAH,435,435
38,2022,ARNAVUTKÖY,TERKOS MAH.,137,137
39,2022,ARNAVUTKÖY,YASSIÖREN MAH,49,49
40,2022,ARNAVUTKÖY,YAVUZ SELİM MAH.,308,308
41,2022,ARNAVUTKÖY,YENİKÖY MAH,86,86
42,2022,ARNAVUTKÖY,YEŞİLBAYIR MAH.,97,97
43,2022,ARNAVUTKÖY,YUNUS EMRE MAH.,158,158
44,2022,ATAŞEHİR,AŞIKVEYSEL MAH,457,457
45,2022,ATAŞEHİR,ATATÜRK MAH,469,469
46,2022,ATAŞEHİR,BARBAROS MAH,990,990
47,2022,ATAŞEHİR,ESATPAŞA MAH,1253,1253
48,2022,ATAŞEHİR,FERHATPAŞA MAH,859,859
49,2022,ATAŞEHİR,FETİH MAH,192,192
50,2022,ATAŞEHİR,İÇERENKÖY MAH,2249,2249
51,2022,ATAŞEHİR,İNÖNÜ MAH,996,996
52,2022,ATAŞEHİR,KAYIŞDAĞI MAH,2404,2404
53,2022,ATAŞEHİR,KÜÇÜKBAKKALKÖY MAH,1186,1186
54,2022,ATAŞEHİR,MEVLANA MAH,423,423
55,2022,ATAŞEHİR,MİMAR SİNAN MAH,371,371
56,2022,ATAŞEHİR,MUSTAFA KEMAL MAH,702,702
57,2022,ATAŞEHİR,ÖRNEK MAH,1625,1625
58,2022,ATAŞEHİR,YENİ ÇAMLICA MAH,422,422
59,2022,ATAŞEHİR,YENİSAHRA MAH,629,629
60,2022,ATAŞEHİR,YENİŞEHİR MAH,264,264
61,2022,AVCILAR,AMBARLI MAH,445,445
62,2022,AVCILAR,CİHANGİR MAH,373,373
63,2022,AVCILAR,DENİZKÖŞKLER MAH,513,513
64,2022,AVCILAR,FİRUZKÖY MAH,464,464
65,2022,AVCILAR,GÜMÜSPALA MAH,512,512
66,2022,AVCILAR,MERKEZ MAH,272,272
67,2022,AVCILAR,MUSTAFA KEMALPAŞA MAH,282,282
68,2022,AVCILAR,TAHTAKALE MAH,385,385
69,2022,AVCILAR,ÜNİVERSİTE MAH,145,145
70,2022,AVCILAR,YEŞİLKENT MH,630,630
71,2022,BAĞCILAR,BAĞLAR MAH,345,345
72,2022,BAĞCILAR,BARBAROS MAH,315,315
73,2022,BAĞCILAR,ÇINAR MAH,418,418
74,2022,BAĞCILAR,DEMİRKAPI MAH,816,816
75,2022,BAĞCILAR,FATİH MAH,758,758
76,2022,BAĞCILAR,FEVZİ ÇAKMAK MAH,573,572
77,2022,BAĞCILAR,GÖZTEPE MAH,388,387
78,2022,BAĞCILAR,GÜNEŞLİ MAH,636,636
79,2022,BAĞCILAR,HÜRRİYET MAH,283,283
80,2022,BAĞCILAR,İNÖNU MAH,471,471
81,2022,BAĞCILAR,KAZIM KARABEKİR MAH,255,255
82,2022,BAĞCILAR,KEMALPAŞA MAH,744,744
83,2022,BAĞCILAR,KİRAZLI MAH,1017,1017
84,2022,BAĞCILAR,MAHMUTBEY MAH,811,806
85,2022,BAĞCILAR,MERKEZ MAH,261,261
86,2022,BAĞCILAR,SANCAKTEPE MAH,188,188
87,2022,BAĞCILAR,YAVUZSELİM MAH,444,444
88,2022,BAĞCILAR,YENİGÜN MAH,420,420
89,2022,BAĞCILAR,YENİMAHALLE,392,392
90,2022,BAĞCILAR,YILDIZTEPE MAH,584,584
91,2022,BAĞCILAR,100.YIL MAH,678,677
92,2022,BAĞCILAR,15 TEMMUZ MAH,798,798
93,2022,BAHÇELİEVLER,BAHÇELİEVLER MAH,465,465
94,2022,BAHÇELİEVLER,CUMHURİYET MAH,300,300
95,2022,BAHÇELİEVLER,ÇOBANÇEŞME MAH,335,335
96,2022,BAHÇELİEVLER,FEVZİ ÇAKMAK MAH,190,190
97,2022,BAHÇELİEVLER,HÜRRİYET MAH,501,501
98,2022,BAHÇELİEVLER,KOCASİNAN MERKEZ MAH,802,802
99,2022,BAHÇELİEVLER,SİYAVUŞPAŞA MAH,534,534
100,2022,BAHÇELİEVLER,SOĞANLI MAH,597,597
101,2022,BAHÇELİEVLER,ŞİRİNEVLER MAH,526,526
102,2022,BAHÇELİEVLER,YENİBOSNA MERKEZ MAH,454,454
103,2022,BAHÇELİEVLER,ZAFER MAH,556,556
104,2022,BAKIRKÖY,ATAKÖY 1.KISIM MAH,26,26
105,2022,BAKIRKÖY,ATAKÖY 2-5-6.KISIM MAH,72,72
106,2022,BAKIRKÖY,ATAKÖY 3-4-11.KISIM MAH,73,73
107,2022,BAKIRKÖY,ATAKÖY 7-8-9-10.KISIM MAH,86,86
108,2022,BAKIRKÖY,BASINKÖY MAH,63,63
109,2022,BAKIRKÖY,CEVİZLİK MAH,142,142
110,2022,BAKIRKÖY,KARTALTEPE MAH,420,420
111,2022,BAKIRKÖY,OSMANİYE MAH,242,231
112,2022,BAKIRKÖY,SAKIZAĞACI MAH,91,91
113,2022,BAKIRKÖY,ŞENLİKKÖY MAH,278,276
114,2022,BAKIRKÖY,YENİMAHALLE,57,57
115,2022,BAKIRKÖY,YEŞİLKÖY MAH,349,349
116,2022,BAKIRKÖY,YEŞİLYURT MAH,44,44
117,2022,BAKIRKÖY,ZEYTİNLİK MAH,109,109
118,2022,BAKIRKÖY,ZUHURATBABA MAH,328,328
119,2022,BAŞAKŞEHİR,ALTINŞEHİR MAH,549,549
120,2022,BAŞAKŞEHİR,BAHÇEŞEHİR 1.KISIM MAH.,490,490
121,2022,BAŞAKŞEHİR,BAHÇEŞEHİR 2.KISIM MAH.,696,696
122,2022,BAŞAKŞEHİR,BAŞAK MAH,315,315
123,2022,BAŞAKŞEHİR,BAŞAKŞEHİR MAH,227,227
124,2022,BAŞAKŞEHİR,GÜVERCİNTEPE MAH,732,732
125,2022,BAŞAKŞEHİR,İKİTELLİ OSB,671,671
126,2022,BAŞAKŞEHİR,KAYABAŞI MAH,428,428
127,2022,BAŞAKŞEHİR,ŞAHİNTEPE MAH,1439,1439
128,2022,BAŞAKŞEHİR,ŞAMLAR MAH,143,143
129,2022,BAŞAKŞEHİR,ZİYA GÖKALP MAH,340,340
130,2022,BAYRAMPAŞA,ALTINTEPSİ MAH,395,395
131,2022,BAYRAMPAŞA,BAYRAMPAŞA-STANDARTDIŞI ADRES,1,1
132,2022,BAYRAMPAŞA,CEVATPAŞA MAH,192,192
133,2022,BAYRAMPAŞA,İSMET PAŞA MAH,219,219
134,2022,BAYRAMPAŞA,KARTALTEPE MAH,374,374
135,2022,BAYRAMPAŞA,KOCATEPE MAH,366,366
136,2022,BAYRAMPAŞA,MURATPAŞA MAH,333,333
137,2022,BAYRAMPAŞA,ORTA MAH,199,199
138,2022,BAYRAMPAŞA,TERAZİDERE MAH,356,356
139,2022,BAYRAMPAŞA,VATAN MAH,190,190
140,2022,BAYRAMPAŞA,YENİDOĞAN MAH,289,289
141,2022,BAYRAMPAŞA,YILDIRIM MAH,408,408
142,2022,B.ÇEKMECE,AHMEDİYE MAH.,17,17
143,2022,B.ÇEKMECE,ALKENT 2000 MAH.,84,84
144,2022,B.ÇEKMECE,ATATÜRK MAH,796,796
145,2022,B.ÇEKMECE,BAHÇELİEVLER MAH,235,235
146,2022,B.ÇEKMECE,BÜYÜKÇEKMECE-STANDARTDIŞI ADRES,1,1
147,2022,B.ÇEKMECE,CELALİYE MAH,423,423
148,2022,B.ÇEKMECE,CUMHURİYET MAH,427,427
149,2022,B.ÇEKMECE,ÇAKMAKLI MAH.,179,179
150,2022,B.ÇEKMECE,DİZDARİYE MAH,203,203
151,2022,B.ÇEKMECE,EKİNOBA MAH,152,152
152,2022,B.ÇEKMECE,FATİH MAH,796,796
153,2022,B.ÇEKMECE,GÜZELCE MAH,373,373
154,2022,B.ÇEKMECE,HÜRRİYET MAH.,589,589
155,2022,B.ÇEKMECE,KAMİLOBA MAH,418,418
156,2022,B.ÇEKMECE,KARAAĞAÇ MAH.,392,392
157,2022,B.ÇEKMECE,KUMBURGAZ MAH,367,367
158,2022,B.ÇEKMECE,MİMAROBA MAH,204,204
159,2022,B.ÇEKMECE,MİMARSİNAN MAH,313,313
160,2022,B.ÇEKMECE,MURAT ÇEŞME MAH.,342,342
161,2022,B.ÇEKMECE,PINARTEPE MAH.,544,544
162,2022,B.ÇEKMECE,SİNANOBA MAH,160,160
163,2022,B.ÇEKMECE,TÜRKOBA MAH.,332,332
164,2022,B.ÇEKMECE,ULUS MAH.,388,388
165,2022,B.ÇEKMECE,YENİMAHALLE,231,231
166,2022,B.ÇEKMECE,19 MAYIS MAH,243,243
167,2022,BEŞİKTAŞ,ABBASAĞA MAH,162,162
168,2022,BEŞİKTAŞ,AKAT MAH,349,349
169,2022,BEŞİKTAŞ,ARNAVUTKÖY MAH,165,165
170,2022,BEŞİKTAŞ,BALMUMCU MAH,150,150
171,2022,BEŞİKTAŞ,BEBEK MAH,221,221
172,2022,BEŞİKTAŞ,CİHANNÜMA MAH,157,157
173,2022,BEŞİKTAŞ,DİKİLİTAŞ MAH,357,357
174,2022,BEŞİKTAŞ,ETİLER MAH,207,207
175,2022,BEŞİKTAŞ,GAYRETTEPE MAH,133,133
176,2022,BEŞİKTAŞ,KONAKLAR MAH,163,163
177,2022,BEŞİKTAŞ,KURUÇEŞME MAH,142,142
178,2022,BEŞİKTAŞ,KÜLTÜR MAH,75,75
179,2022,BEŞİKTAŞ,LEVAZIM MAH,40,40
180,2022,BEŞİKTAŞ,LEVENT MAH,179,178
181,2022,BEŞİKTAŞ,MECİDİYE MAH,208,208
182,2022,BEŞİKTAŞ,MURADİYE MAH,76,76
183,2022,BEŞİKTAŞ,NİSBETİYE MAH,116,116
184,2022,BEŞİKTAŞ,ORTAKÖY MAH,218,218
185,2022,BEŞİKTAŞ,SİNANPAŞA MAH,81,81
186,2022,BEŞİKTAŞ,TÜRKALİ MAH,145,145
187,2022,BEŞİKTAŞ,ULUS MAH,87,87
188,2022,BEŞİKTAŞ,VİŞNEZADE MAH,118,118
189,2022,BEŞİKTAŞ,YILDIZ MAH,267,267
190,2022,BEYKOZ,ACARLAR MAH,65,65
191,2022,BEYKOZ,AKBABA MAH,150,150
192,2022,BEYKOZ,ALİBAHADIR MAH,53,53
193,2022,BEYKOZ,ANADOLU HİSARI MAH,131,131
194,2022,BEYKOZ,ANADOLU KAVAĞI MAH,57,57
195,2022,BEYKOZ,ANADOLUFENERİ MAH,56,56
196,2022,BEYKOZ,BAKLACI MAH.,167,167
197,2022,BEYKOZ,BOZHANE MAH,67,62
198,2022,BEYKOZ,CUMHURİYET MAH,126,126
199,2022,BEYKOZ,ÇAMLIBAHÇE MAH,345,345
200,2022,BEYKOZ,ÇAVUŞBAŞI-STANDARTDIŞI ADRES,10,10
201,2022,BEYKOZ,ÇENGELDERE MAH.,318,318
202,2022,BEYKOZ,ÇİFTLİK MAH.,229,229
203,2022,BEYKOZ,ÇİĞDEM MAH,271,271
204,2022,BEYKOZ,ÇUBUKLU MAH,680,679
205,2022,BEYKOZ,DERESEKİ MAH,131,131
206,2022,BEYKOZ,ELMALI MAH,102,102
207,2022,BEYKOZ,FATİH MAH.,102,102
208,2022,BEYKOZ,GÖKSU MAH,177,177
209,2022,BEYKOZ,GÖLLÜ MAH,29,29
210,2022,BEYKOZ,GÖRELE MAH,100,100
211,2022,BEYKOZ,GÖZTEPE MAH,301,300
212,2022,BEYKOZ,GÜMÜŞSUYU MAH,602,602
213,2022,BEYKOZ,İNCİRKÖY MAH,640,640
214,2022,BEYKOZ,İSHAKLI MAH,154,154
215,2022,BEYKOZ,KANLICA MAH,140,140
216,2022,BEYKOZ,KAVACIK MAH,373,372
217,2022,BEYKOZ,KAYNARCA MAH,39,39
218,2022,BEYKOZ,KILIÇLI MAH,20,20
219,2022,BEYKOZ,MAHMUTŞEVKETPAŞA MAH,87,87
220,2022,BEYKOZ,MERKEZ MAH,282,282
221,2022,BEYKOZ,ORTAÇEŞME MAH,403,403
222,2022,BEYKOZ,ÖĞÜMCE MAH,41,41
223,2022,BEYKOZ,ÖRNEKKÖY MAH,91,91
224,2022,BEYKOZ,PAŞABAHÇE MAH,108,107
225,2022,BEYKOZ,PAŞAMANDIRA MAH,76,76
226,2022,BEYKOZ,POLONEZKÖY MAH,19,19
227,2022,BEYKOZ,POYRAZKÖY MAH,106,106
228,2022,BEYKOZ,RİVA MAH,142,142
229,2022,BEYKOZ,RÜZGARLIBAHÇE MAH,414,414
230,2022,BEYKOZ,SOĞUKSU MAH,272,272
231,2022,BEYKOZ,TOKATKÖY MAH,920,920
232,2022,BEYKOZ,YALIKÖY MAH,246,243
233,2022,BEYKOZ,YAVUZ SELİM MAH.,155,155
234,2022,BEYKOZ,YENİ MAHALLE,706,706
235,2022,BEYKOZ,ZERZEVATÇI MAH,47,47
236,2022,BEYLİKDÜZÜ,ADNAN KAHVECİ MAH.,436,436
237,2022,BEYLİKDÜZÜ,BARIŞ MAH.,197,197
238,2022,BEYLİKDÜZÜ,BEYLİKDÜZÜ OSB,145,145
239,2022,BEYLİKDÜZÜ,BÜYÜKŞEHİR MAH.,141,141
240,2022,BEYLİKDÜZÜ,CUMHURİYET MAH.,91,91
241,2022,BEYLİKDÜZÜ,DEREAĞZI MAH.,688,688
242,2022,BEYLİKDÜZÜ,GÜRPINAR MAH.,716,716
243,2022,BEYLİKDÜZÜ,KAVAKLI MAH.,730,730
244,2022,BEYLİKDÜZÜ,MARMARA MAH.,162,162
245,2022,BEYLİKDÜZÜ,SAHİL MAH.,232,232
246,2022,BEYLİKDÜZÜ,YAKUPLU MAH.,1021,1021
247,2022,BEYOĞLU,ARAP CAMİ MAH,78,78
248,2022,BEYOĞLU,ASMALI MESCİT MAH,100,97
249,2022,BEYOĞLU,BEDRETTİN MAH,36,36
250,2022,BEYOĞLU,BEREKETZADE MAH,115,114
251,2022,BEYOĞLU,BOSTAN MAH,123,123
252,2022,BEYOĞLU,BÜLBÜL MAH,254,254
253,2022,BEYOĞLU,CAMİİKEBİR MAH,141,141
254,2022,BEYOĞLU,CİHANGİR MAH,146,145
255,2022,BEYOĞLU,ÇATMA MESCİT MAH,96,95
256,2022,BEYOĞLU,ÇUKUR MAH,136,136
257,2022,BEYOĞLU,EMEKYEMEZ MAH,85,85
258,2022,BEYOĞLU,EVLİYA ÇELEBİ MAH,59,59
259,2022,BEYOĞLU,FETİHTEPE MAH,601,601
260,2022,BEYOĞLU,FİRUZAĞA MAH,140,134
261,2022,BEYOĞLU,GÜMÜŞSUYU MAH,82,79
262,2022,BEYOĞLU,HACIAHMET MAH,559,559
263,2022,BEYOĞLU,HACIMİMİ MAH,124,122
264,2022,BEYOĞLU,HALICIOĞLU MAH,232,232
265,2022,BEYOĞLU,HÜSEYİNAĞA MAH,78,78
266,2022,BEYOĞLU,İSTİKLAL MAH,660,660
267,2022,BEYOĞLU,KADIMEHMET EFENDİ MAH,120,120
268,2022,BEYOĞLU,KALYONCU KULLUĞU MAH,138,138
269,2022,BEYOĞLU,KAMER HATUN MAH,77,77
270,2022,BEYOĞLU,KAPTANPAŞA MAH,387,387
271,2022,BEYOĞLU,KATİPMUSTAFA ÇELEBİ MAH,68,68
272,2022,BEYOĞLU,KECECİ PİRİ MAH,269,267
273,2022,BEYOĞLU,KEMANKEŞ KARAMUSTAFAPAŞA MAH,80,80
274,2022,BEYOĞLU,KILIÇALİ PAŞA MAH,46,46
275,2022,BEYOĞLU,KOCATEPE MAH,170,167
276,2022,BEYOĞLU,KULAKSIZ MAH,232,232
277,2022,BEYOĞLU,KULOĞLU MAH,96,96
278,2022,BEYOĞLU,KÜCÜK PİYALE MAH,173,173
279,2022,BEYOĞLU,MÜEYYETZADE MAH,95,95
280,2022,BEYOĞLU,ÖMER AVNİ MAH,160,159
281,2022,BEYOĞLU,ÖRNEKTEPE MAH,584,584
282,2022,BEYOĞLU,PİRİPAŞA MAH,447,447
283,2022,BEYOĞLU,PİYALEPAŞA MAH,474,473
284,2022,BEYOĞLU,PÜRTELAŞ HASAN EFENDİ MAH,50,50
285,2022,BEYOĞLU,SURURİ MEHMET EFENDİ MAH,191,191
286,2022,BEYOĞLU,SÜTLÜCE MAH,372,368
287,2022,BEYOĞLU,ŞAHKULU MAH,110,110
288,2022,BEYOĞLU,ŞEHİT MUHTAR MAH,280,280
289,2022,BEYOĞLU,TOMTOM MAH,135,135
290,2022,BEYOĞLU,YAHYA KAHYA MAH,88,88
291,2022,BEYOĞLU,YENİŞEHİR MAH,236,236
292,2022,ÇATALCA,AKALAN MAH,74,74
293,2022,ÇATALCA,ATATÜRK MAH.,216,216
294,2022,ÇATALCA,AYDINLAR MAH,60,60
295,2022,ÇATALCA,BAHŞAYİŞ MAH.,64,64
296,2022,ÇATALCA,BAŞAK MAH,68,68
297,2022,ÇATALCA,BELGRAT MAH,58,58
298,2022,ÇATALCA,CELEPKÖY MAH,19,19
299,2022,ÇATALCA,ÇAKIL MAH.,182,182
300,2022,ÇATALCA,ÇANAKÇA MAH,197,197
301,2022,ÇATALCA,ÇİFTLİKKÖY MAH,85,85
302,2022,ÇATALCA,DAĞYENİCE MAH,65,65
303,2022,ÇATALCA,ELBASAN MAH,57,57
304,2022,ÇATALCA,FATİH MAH.,216,216
305,2022,ÇATALCA,FERHATPAŞA MAH,655,655
306,2022,ÇATALCA,GÖKÇEALİ MAH,134,134
307,2022,ÇATALCA,GÜMÜŞPINAR MAH,34,34
308,2022,ÇATALCA,HALLAÇLI MAH,189,189
309,2022,ÇATALCA,HİSARBEYLİ MAH,15,15
310,2022,ÇATALCA,İHSANİYE MAH,117,117
311,2022,ÇATALCA,İNCEĞİZ MAH,248,248
312,2022,ÇATALCA,İZZETTİN MAH.,124,124
313,2022,ÇATALCA,KABAKÇA MAH,265,265
314,2022,ÇATALCA,KALEİÇİ MAH.,454,454
315,2022,ÇATALCA,KALFA MAH,83,83
316,2022,ÇATALCA,KARACAKÖY MERKEZ MAH.,123,123
317,2022,ÇATALCA,KARAMANDERE MAH,80,80
318,2022,ÇATALCA,KESTANELİK MAH,242,242
319,2022,ÇATALCA,KIZILCAALİ MAH,78,78
320,2022,ÇATALCA,MURATBEY MERKEZ MAH.,79,79
321,2022,ÇATALCA,NAKKAŞ MAH.,84,84
322,2022,ÇATALCA,OKLALI MAH,101,101
323,2022,ÇATALCA,ORMANLI MAH,124,124
324,2022,ÇATALCA,OVAYENİCE MAH.,40,40
325,2022,ÇATALCA,ÖRCÜNLÜ MAH,80,80
326,2022,ÇATALCA,ÖRENCİK MAH,49,49
327,2022,ÇATALCA,SUBAŞI MAH,148,148
328,2022,ÇATALCA,YALIKÖY MAH,242,242
329,2022,ÇATALCA,YAYLACIK MAH,10,10
330,2022,ÇATALCA,YAZLIK MAH,31,31
331,2022,ÇEKMEKÖY,ALEMDAĞ MAH.,130,130
332,2022,ÇEKMEKÖY,AYDINLAR MAH.,154,154
333,2022,ÇEKMEKÖY,CUMHURİYET MAH.,130,130
334,2022,ÇEKMEKÖY,ÇAMLIK MAH.,190,190
335,2022,ÇEKMEKÖY,ÇATALMEŞE MAH.,366,366
336,2022,ÇEKMEKÖY,EKŞİOĞLU MAH.,307,307
337,2022,ÇEKMEKÖY,GÜNGÖREN MAH.,94,94
338,2022,ÇEKMEKÖY,HAMİDİYE MAH.,269,269
339,2022,ÇEKMEKÖY,HÜSEYİNLİ MAH.,65,65
340,2022,ÇEKMEKÖY,KİRAZLIDERE MAH.,67,67
341,2022,ÇEKMEKÖY,KOÇULLU MAH.,47,47
342,2022,ÇEKMEKÖY,MEHMET AKİF MAH.,583,583
343,2022,ÇEKMEKÖY,MERKEZ MAH.,411,394
344,2022,ÇEKMEKÖY,MİMAR SİNAN MAH.,257,257
345,2022,ÇEKMEKÖY,NİŞANTEPE MAH.,171,171
346,2022,ÇEKMEKÖY,ÖMERLİ MAH.,172,172
347,2022,ÇEKMEKÖY,REŞADİYE MAH.,58,58
348,2022,ÇEKMEKÖY,SIRAPINAR MAH.,85,85
349,2022,ÇEKMEKÖY,SOĞUKPINAR MAH.,88,88
350,2022,ÇEKMEKÖY,SULTANÇİFTLİĞİ MAH.,129,129
351,2022,ÇEKMEKÖY,TAŞDELEN MAH.,66,66
352,2022,ESENLER,BİRLİK MAH,479,479
353,2022,ESENLER,ÇİFTE HAVUZLAR MAH,52,52
354,2022,ESENLER,DAVUTPAŞA MAH,164,164
355,2022,ESENLER,FATİH MAH,772,772
356,2022,ESENLER,FEVZİ ÇAKMAK MAH,282,282
357,2022,ESENLER,HAVAALANI MAH,442,442
358,2022,ESENLER,KAZIM KARABEKİR MAH,705,705
359,2022,ESENLER,KEMER MAH,280,280
360,2022,ESENLER,MENDERES MAH,300,300
361,2022,ESENLER,MİMAR SİNAN MAH,99,99
362,2022,ESENLER,NAMIK KEMAL MAH,339,339
363,2022,ESENLER,NİNE HATUN MAH,409,409
364,2022,ESENLER,ORUÇREİS MAH,729,729
365,2022,ESENLER,TUNA MAH,750,750
366,2022,ESENLER,TURGUT REİS MAH,633,633
367,2022,ESENLER,YAVUZ SELİM MAH,76,76
368,2022,ESENLER,15 TEMMUZ,11,11
369,2022,ESENYURT,AKÇABURGAZ MAH.,178,178
370,2022,ESENYURT,AKEVLER MAH,77,75
371,2022,ESENYURT,AKŞEMSEDDİN MAH,116,116
372,2022,ESENYURT,ARDIÇLI MAH,127,126
373,2022,ESENYURT,AŞIK VEYSEL MAH,65,65
374,2022,ESENYURT,ATATÜRK MAH,80,80
375,2022,ESENYURT,BAĞLARÇEŞME MAH,230,230
376,2022,ESENYURT,BALIKYOLU MAH,170,170
377,2022,ESENYURT,BARBAROS HAYRETTİN PAŞA MAH,71,71
378,2022,ESENYURT,BATTALGAZİ MAH,98,98
379,2022,ESENYURT,CUMHURİYET MAH,24,24
380,2022,ESENYURT,ÇINAR MAH,266,264
381,2022,ESENYURT,ESENKENT MAH,72,72
382,2022,ESENYURT,FATİH MAH,250,250
383,2022,ESENYURT,GÖKEVLER MAH,45,45
384,2022,ESENYURT,GÜZELYURT MAH.,138,135
385,2022,ESENYURT,HÜRRİYET MAH,105,105
386,2022,ESENYURT,İNCİRTEPE MAH,260,260
387,2022,ESENYURT,İNÖNÜ MAH,167,167
388,2022,ESENYURT,İSTİKLAL MAH,144,144
389,2022,ESENYURT,KOZA MAH,52,52
390,2022,ESENYURT,MEHMET AKİF ERSOY MAH,126,126
391,2022,ESENYURT,MEHTERÇEŞME MAH,149,149
392,2022,ESENYURT,MEVLANA MAH,58,58
393,2022,ESENYURT,NAMIK KEMAL MAH,156,154
394,2022,ESENYURT,NECİP FAZIL KISAKÜREK MAH,94,94
395,2022,ESENYURT,ORHAN GAZİ MAH,269,269
396,2022,ESENYURT,OSMANGAZİ MAH,237,234
397,2022,ESENYURT,ÖRNEK MAH,96,96
398,2022,ESENYURT,PINAR MAH,346,346
399,2022,ESENYURT,PİRİ REİS MAH,46,46
400,2022,ESENYURT,SAADETDERE MAH,120,115
401,2022,ESENYURT,SELAHADDİN EYYUBİ MAH,232,232
402,2022,ESENYURT,SULTANİYE MAH,119,119
403,2022,ESENYURT,SÜLEYMANİYE MAH,148,148
404,2022,ESENYURT,ŞEHİTLER MAH,96,96
405,2022,ESENYURT,TALATPAŞA MAH,221,221
406,2022,ESENYURT,TURGUT ÖZAL MAH,156,156
407,2022,ESENYURT,ÜÇEVLER MAH,228,228
408,2022,ESENYURT,YENİKENT MAH,147,147
409,2022,ESENYURT,YEŞİLKENT MAH,168,168
410,2022,ESENYURT,YUNUS EMRE MAH,146,146
411,2022,ESENYURT,ZAFER MAH,88,88
412,2022,EYÜPSULTAN,AĞAÇLI MAH,88,88
413,2022,EYÜPSULTAN,AKPINAR MAH,187,187
414,2022,EYÜPSULTAN,AKŞEMSETTİN MAH,1045,1045
415,2022,EYÜPSULTAN,ALİBEYKÖY MAH,769,769
416,2022,EYÜPSULTAN,ÇIRÇIR MAH,1254,1254
417,2022,EYÜPSULTAN,ÇİFTALAN MAH,20,20
418,2022,EYÜPSULTAN,DEFTERDAR MAH,206,206
419,2022,EYÜPSULTAN,DÜĞMECİLER MAH,314,314
420,2022,EYÜPSULTAN,EMNİYETTEPE MAH,522,522
421,2022,EYÜPSULTAN,ESENTEPE MAH,518,518
422,2022,EYÜPSULTAN,GÖKTÜRK MERKEZ MAH,461,461
423,2022,EYÜPSULTAN,GÖKTÜRK-STANDARTDIŞI ADRES,1,1
424,2022,EYÜPSULTAN,GÜZELTEPE MAH,1025,1025
425,2022,EYÜPSULTAN,IŞIKLAR MAH,69,69
426,2022,EYÜPSULTAN,İHSANİYE MAH,27,27
427,2022,EYÜPSULTAN,İSLAMBEY MAH,471,471
428,2022,EYÜPSULTAN,KARADOLAP MAH,990,990
429,2022,EYÜPSULTAN,MERKEZ MAH,251,251
430,2022,EYÜPSULTAN,MİMAR SİNAN MAH,247,247
431,2022,EYÜPSULTAN,MİTHATPAŞA MAH,521,521
432,2022,EYÜPSULTAN,NİŞANCI MAH,418,418
433,2022,EYÜPSULTAN,ODAYERİ MAH,14,14
434,2022,EYÜPSULTAN,PİRİNÇÇİ MAH,146,146
435,2022,EYÜPSULTAN,RAMİ CUMA MAH,203,203
436,2022,EYÜPSULTAN,RAMİ YENİ MAH,303,303
437,2022,EYÜPSULTAN,SAKARYA MAH,402,402
438,2022,EYÜPSULTAN,SİLAHTARAĞA MAH,190,190
439,2022,EYÜPSULTAN,TOPÇULAR MAH,416,416
440,2022,EYÜPSULTAN,YEŞİLPINAR MAH,706,706
441,2022,EYÜPSULTAN,5.LEVENT MAH,111,111
442,2022,FATİH,AKSARAY MAH,256,256
443,2022,FATİH,AKŞEMSETTİN MAH,335,335
444,2022,FATİH,ALEMDAR MAH,132,132
445,2022,FATİH,ALİ KUŞÇU MAH,191,191
446,2022,FATİH,ATİKALİ MAH,204,204
447,2022,FATİH,AYVANSARAY MAH,556,556
448,2022,FATİH,BALABANAĞA MAH,70,70
449,2022,FATİH,BALAT MAH,568,568
450,2022,FATİH,BEYAZIT MAH,76,76
451,2022,FATİH,BİNBİRDİREK MAH,56,56
452,2022,FATİH,CANKURTARAN MAH,132,132
453,2022,FATİH,CERRAHPAŞA MAH,152,152
454,2022,FATİH,CİBALİ MAH,170,170
455,2022,FATİH,DEMİRTAŞ MAH,32,32
456,2022,FATİH,DERVİŞ ALİ MAH,450,450
457,2022,FATİH,EMİN SİNAN MAH,70,70
458,2022,FATİH,HACI KADIN MAH,59,59
459,2022,FATİH,HASEKİ SULTAN MAH,226,226
460,2022,FATİH,HIRKA-İ ŞERİF MAH,321,321
461,2022,FATİH,HOBYAR MAH,66,66
462,2022,FATİH,HOCA GIYASETTİN MAH,44,44
463,2022,FATİH,HOCAPAŞA MAH,55,55
464,2022,FATİH,İSKENDERPAŞA MAH,311,311
465,2022,FATİH,KALENDERHANE MAH,41,41
466,2022,FATİH,KARAGÜMRÜK MAH,195,195
467,2022,FATİH,KATİP KASIM MAH,118,118
468,2022,FATİH,KEMALPAŞA MAH,88,88
469,2022,FATİH,KOCA MUSTAFAPAŞA MAH,683,683
470,2022,FATİH,KÜÇÜK AYASOFYA MAH,146,146
471,2022,FATİH,MERCAN MAH,71,71
472,2022,FATİH,MESİHPAŞA MAH,77,77
473,2022,FATİH,MEVLANAKAPI MAH,387,387
474,2022,FATİH,MİMAR HAYRETTİN MAH,126,126
475,2022,FATİH,MİMAR KEMALETTİN MAH,76,76
476,2022,FATİH,MOLLA FENARİ MAH,158,158
477,2022,FATİH,MOLLA GÜRANİ MAH,282,282
478,2022,FATİH,MOLLA HÜSREV MAH,59,59
479,2022,FATİH,MUHSİNE HATUN MAH,68,68
480,2022,FATİH,NİŞANCA MAH,133,133
481,2022,FATİH,RÜSTEMPAŞA MAH,66,66
482,2022,FATİH,SARAÇ İSHAK MAH,48,48
483,2022,FATİH,SARIDEMİR MAH,34,34
484,2022,FATİH,SEYYİD ÖMER MAH,374,374
485,2022,FATİH,SİLİVRİKAPI MAH,273,273
486,2022,FATİH,SULTAN AHMET MAH,67,67
487,2022,FATİH,SURURİ MAH,27,27
488,2022,FATİH,SÜLEYMANİYE MAH,65,65
489,2022,FATİH,SÜMBÜL EFENDİ MAH,168,168
490,2022,FATİH,ŞEHREMİNİ MAH,404,404
491,2022,FATİH,ŞEHSUVAR BEY MAH,122,122
492,2022,FATİH,TAHTAKALE MAH,32,32
493,2022,FATİH,TAYA HATUN MAH,44,44
494,2022,FATİH,TOPKAPI MAH,280,280
495,2022,FATİH,YAVUZ SİNAN MAH,41,41
496,2022,FATİH,YAVUZ SULTAN SELİM MAH,369,369
497,2022,FATİH,YEDİKULE MAH,371,371
498,2022,FATİH,ZEYREK MAH,377,377
499,2022,G.O.PAŞA,BAĞLARBAŞI MAH,421,421
500,2022,G.O.PAŞA,BARBAROS HAYRETTİN PAŞA MAH.,739,739
501,2022,G.O.PAŞA,FEVZİ ÇAKMAK MAH,345,345
502,2022,G.O.PAŞA,HÜRRİYET MAH,332,332
503,2022,G.O.PAŞA,KARADENİZ MAH,1051,1051
504,2022,G.O.PAŞA,KARAYOLLARI MAH.,732,732
505,2022,G.O.PAŞA,KARLITEPE MAH,217,217
506,2022,G.O.PAŞA,KAZIM KARABEKİR MAH.,817,817
507,2022,G.O.PAŞA,MERKEZ MAH,439,439
508,2022,G.O.PAŞA,MEVLANA MAH,261,261
509,2022,G.O.PAŞA,PAZARİÇİ MAH,139,139
510,2022,G.O.PAŞA,SARIGÖL MAH,539,539
511,2022,G.O.PAŞA,ŞEMSİPAŞA MAH,247,247
512,2022,G.O.PAŞA,YENİ MAHALLE MAH,622,622
513,2022,G.O.PAŞA,YENİDOĞAN MAH,249,249
514,2022,G.O.PAŞA,YILDIZTABYA MAH,381,381
515,2022,GÜNGÖREN,ABDURRAHMAN NAFİZ GÜRMAN MAH,180,180
516,2022,GÜNGÖREN,AKINCILAR MAH,145,145
517,2022,GÜNGÖREN,GENÇOSMAN MAH,414,414
518,2022,GÜNGÖREN,GÜNEŞTEPE MAH,480,480
519,2022,GÜNGÖREN,GÜVEN MAH,169,169
520,2022,GÜNGÖREN,HAZNEDAR MAH,153,153
521,2022,GÜNGÖREN,MAREŞAL ÇAKMAK MAH,287,287
522,2022,GÜNGÖREN,MEHMET NESİH ÖZMEN MAH,371,371
523,2022,GÜNGÖREN,MERKEZ MAH,415,415
524,2022,GÜNGÖREN,SANAYİ MAH,373,373
525,2022,GÜNGÖREN,TOZKOPARAN MAH,269,269
526,2022,KADIKÖY,ACIBADEM MAH,600,600
527,2022,KADIKÖY,BOSTANCI MAH,880,880
528,2022,KADIKÖY,CADDEBOSTAN MAH,515,515
529,2022,KADIKÖY,CAFERAĞA MAH,974,974
530,2022,KADIKÖY,DUMLUPINAR MAH,274,274
531,2022,KADIKÖY,EĞİTİM MAH,603,603
532,2022,KADIKÖY,ERENKÖY MAH,439,439
533,2022,KADIKÖY,FENERBAHÇE MAH,615,615
534,2022,KADIKÖY,FENERYOLU MAH,683,683
535,2022,KADIKÖY,FİKİRTEPE MAH,619,619
536,2022,KADIKÖY,GÖZTEPE MAH,664,664
537,2022,KADIKÖY,HASANPAŞA MAH,920,920
538,2022,KADIKÖY,KADIKÖY-STANDARTDIŞI ADRES,1,1
539,2022,KADIKÖY,KOŞUYOLU MAH,384,384
540,2022,KADIKÖY,KOZYATAĞI MAH,523,523
541,2022,KADIKÖY,MERDİVENKÖY MAH,868,868
542,2022,KADIKÖY,OSMANAĞA MAH,626,626
543,2022,KADIKÖY,RASİMPAŞA MAH,395,395
544,2022,KADIKÖY,SAHRAYICEDİT MAH,604,604
545,2022,KADIKÖY,SUADİYE MAH,589,589
546,2022,KADIKÖY,ZÜHTÜPAŞA MAH,182,182
547,2022,KADIKÖY,19 MAYIS MAH,424,424
548,2022,KAĞITHANE,ÇAĞLAYAN MAH,536,536
549,2022,KAĞITHANE,ÇELİKTEPE MAH,477,477
550,2022,KAĞITHANE,EMNİYET EVLERİ MAH,135,135
551,2022,KAĞITHANE,GÜLTEPE MAH,200,200
552,2022,KAĞITHANE,GÜRSEL MAH,611,611
553,2022,KAĞITHANE,HAMİDİYE MAH,501,501
554,2022,KAĞITHANE,HARMANTEPE MAH,293,293
555,2022,KAĞITHANE,HÜRRİYET MAH,364,364
556,2022,KAĞITHANE,MEHMET AKİF ERSOY MAH.,243,243
557,2022,KAĞITHANE,MERKEZ MAH,950,950
558,2022,KAĞITHANE,NURTEPE MAH,342,342
559,2022,KAĞITHANE,ORTABAYIR MAH,251,251
560,2022,KAĞITHANE,SEYRANTEPE MAH,452,452
561,2022,KAĞITHANE,SULTAN SELİM MAH,381,381
562,2022,KAĞITHANE,ŞİRİNTEPE MAH,400,400
563,2022,KAĞITHANE,TALATPAŞA MAH,597,597
564,2022,KAĞITHANE,TELSİZLER MAH,165,165
565,2022,KAĞITHANE,YAHYA KEMAL MAH,327,327
566,2022,KAĞITHANE,YEŞİLCE MAH,215,215
567,2022,KARTAL,ATALAR MAH,116,116
568,2022,KARTAL,CEVİZLİ MAH,176,176
569,2022,KARTAL,CUMHURİYET MAH,257,257
570,2022,KARTAL,ÇAVUŞOĞLU MAH,181,181
571,2022,KARTAL,ESENTEPE MAH,134,134
572,2022,KARTAL,GÜMÜŞPINAR MAH,306,297
573,2022,KARTAL,HÜRRİYET MAH,512,512
574,2022,KARTAL,KARLIKTEPE MAH,218,218
575,2022,KARTAL,KORDONBOYU MAH,156,156
576,2022,KARTAL,ORHANTEPE MAH,347,347
577,2022,KARTAL,ORTA MAH,255,255
578,2022,KARTAL,PETROL İŞ MAH,111,111
579,2022,KARTAL,SOĞANLIK YENİ MAH,431,431
580,2022,KARTAL,TOPSELVİ MAH,120,120
581,2022,KARTAL,UĞUR MUMCU MAH,178,178
582,2022,KARTAL,YAKACIK ÇARŞI MAH,207,207
583,2022,KARTAL,YAKACIK YENİ MAH,176,174
584,2022,KARTAL,YALI MAH,134,134
585,2022,KARTAL,YUKARI MAH,67,67
586,2022,KARTAL,YUNUS MAH,134,134
587,2022,K.ÇEKMECE,ATAKENT MAH,446,446
588,2022,K.ÇEKMECE,ATATÜRK MAH,1097,1097
589,2022,K.ÇEKMECE,BEŞYOL MAH,104,104
590,2022,K.ÇEKMECE,CENNET MAH,410,401
591,2022,K.ÇEKMECE,CUMHURİYET MAH,575,575
592,2022,K.ÇEKMECE,FATİH MAH,278,278
593,2022,K.ÇEKMECE,FEVZİ ÇAKMAK MAH,269,269
594,2022,K.ÇEKMECE,GÜLTEPE MAH,198,198
595,2022,K.ÇEKMECE,HALKALI MERKEZ MAH,1124,1124
596,2022,K.ÇEKMECE,İNÖNÜ MAH,851,851
597,2022,K.ÇEKMECE,İSTASYON MAH,498,498
598,2022,K.ÇEKMECE,KANARYA MAH,887,887
599,2022,K.ÇEKMECE,KARTALTEPE MAH,259,259
600,2022,K.ÇEKMECE,KEMALPASA MAH,124,124
601,2022,K.ÇEKMECE,KÜÇÜKÇEKMECE İKİTELLİOSB,10,10
602,2022,K.ÇEKMECE,MEHMET AKİF MAH,1017,1017
603,2022,K.ÇEKMECE,SÖĞÜTLÜ ÇEŞME MAH,578,578
604,2022,K.ÇEKMECE,SULTAN MURAT MAH,128,128
605,2022,K.ÇEKMECE,TEVFİKBEY MAH,506,506
606,2022,K.ÇEKMECE,YARIMBURGAZ MAH,429,429
607,2022,K.ÇEKMECE,YENİ MAHALLE MAH,329,329
608,2022,K.ÇEKMECE,YEŞİLOVA MAH,318,318
609,2022,MALTEPE,ALTAYÇEŞME MAH,168,168
610,2022,MALTEPE,ALTINTEPE MAH,357,348
611,2022,MALTEPE,AYDINEVLER MAH,187,187
612,2022,MALTEPE,BAĞLARBAŞI MAH,562,553
613,2022,MALTEPE,BAŞIBÜYÜK MAH,449,448
614,2022,MALTEPE,BÜYÜKBAKKALKÖY MAH,31,31
615,2022,MALTEPE,CEVİZLİ MAH,339,339
616,2022,MALTEPE,ÇINAR MAH,295,295
617,2022,MALTEPE,ESENKENT MAH,353,353
618,2022,MALTEPE,FEYZULLAH MAH,139,139
619,2022,MALTEPE,FINDIKLI MAH,633,630
620,2022,MALTEPE,GİRNE MAH,103,103
621,2022,MALTEPE,GÜLENSU MAH,525,524
622,2022,MALTEPE,GÜLSUYU MAH,374,373
623,2022,MALTEPE,İDEALTEPE MAH,269,262
624,2022,MALTEPE,KÜÇÜKYALI MERKEZ MAH,257,257
625,2022,MALTEPE,YALI MAH,131,131
626,2022,MALTEPE,ZÜMRÜTEVLER MAH,702,700
627,2022,PENDİK,AHMET YESEVİ MAH,455,455
628,2022,PENDİK,BAHÇELİEVLER MAH,237,237
629,2022,PENDİK,BALLICA MAH,47,47
630,2022,PENDİK,BATI MAH,259,259
631,2022,PENDİK,ÇAMÇEŞME MAH,453,453
632,2022,PENDİK,ÇAMLIK MAH,105,105
633,2022,PENDİK,ÇINARDERE MAH,316,316
634,2022,PENDİK,DOĞU MAH,302,302
635,2022,PENDİK,DUMLUPINAR MAH,417,417
636,2022,PENDİK,EMİRLİ MAH,12,12
637,2022,PENDİK,ERTUĞRUL GAZİ MAH.,367,367
638,2022,PENDİK,ESENLER MAH,332,332
639,2022,PENDİK,ESENYALI MAH,441,441
640,2022,PENDİK,FATİH MAH,408,408
641,2022,PENDİK,FEVZİ ÇAKMAK MAH,484,484
642,2022,PENDİK,GÖÇBEYLİ MAH,191,191
643,2022,PENDİK,GÜLLÜ BAĞLAR MAH,218,218
644,2022,PENDİK,GÜZELYALI MAH,390,390
645,2022,PENDİK,HARMANDERE MAH,114,114
646,2022,PENDİK,KAVAKPINAR MAH,892,892
647,2022,PENDİK,KAYNARCA MAH,485,485
648,2022,PENDİK,KURNA MAH,32,32
649,2022,PENDİK,KURTDOĞMUŞ MAH,24,24
650,2022,PENDİK,KURTKÖY MAH,485,485
651,2022,PENDİK,ORHANGAZİ MAH,446,446
652,2022,PENDİK,ORTA MAH,668,668
653,2022,PENDİK,RAMAZANOĞLU MAH,167,167
654,2022,PENDİK,SANAYİ MAH,99,99
655,2022,PENDİK,SAPAN BAĞLARI MAH,116,116
656,2022,PENDİK,SÜLÜNTEPE MAH,471,471
657,2022,PENDİK,ŞEYHLİ MAH,297,297
658,2022,PENDİK,VELİBABA MAH,586,586
659,2022,PENDİK,YAYALAR MAH,216,216
660,2022,PENDİK,YENİ MAH,171,171
661,2022,PENDİK,YENİŞEHİR MAH.,301,301
662,2022,PENDİK,YEŞİLBAĞLAR MAH,118,118
663,2022,SANCAKTEPE,ABDURRAHMANGAZİ MAH.,323,323
664,2022,SANCAKTEPE,AKPINAR MAH.,212,212
665,2022,SANCAKTEPE,ATATÜRK MAH,277,277
666,2022,SANCAKTEPE,EMEK MAH,136,136
667,2022,SANCAKTEPE,EYÜP SULTAN MAH.,251,251
668,2022,SANCAKTEPE,FATİH MAH.,222,222
669,2022,SANCAKTEPE,HİLAL MAH.,100,100
670,2022,SANCAKTEPE,İNÖNÜ MAH,115,115
671,2022,SANCAKTEPE,KEMAL TÜRKLER MAH,177,177
672,2022,SANCAKTEPE,MECLİS MAH,148,148
673,2022,SANCAKTEPE,MERVE MAH.,165,165
674,2022,SANCAKTEPE,MEVLANA MAH.,248,245
675,2022,SANCAKTEPE,OSMANGAZİ MAH.,508,506
676,2022,SANCAKTEPE,PAŞAKÖY MAH.,68,68
677,2022,SANCAKTEPE,SAFA MAH.,161,161
678,2022,SANCAKTEPE,SARIGAZİ MAH.,192,192
679,2022,SANCAKTEPE,VEYSEL KARANİ MAH.,165,165
680,2022,SANCAKTEPE,YENİDOĞAN MAH.,218,218
681,2022,SANCAKTEPE,YUNUSEMRE MAH.,218,218
682,2022,SARIYER,AYAZAĞA MAH.,1127,1127
683,2022,SARIYER,BAHÇEKÖY KEMER MAH,89,89
684,2022,SARIYER,BAHÇEKÖY MERKEZ MAH.,48,48
685,2022,SARIYER,BAHÇEKÖY YENİ MAH,47,47
686,2022,SARIYER,BALTALİMANI MAH,268,268
687,2022,SARIYER,BÜYÜKDERE MAH,449,449
688,2022,SARIYER,CUMHURİYET MAH,410,410
689,2022,SARIYER,ÇAMLITEPE MAH,541,541
690,2022,SARIYER,ÇAYIRBAŞI MAH,165,165
691,2022,SARIYER,DARÜŞŞAFAKA MAH,129,129
692,2022,SARIYER,DEMİRCİKÖY MAH,36,36
693,2022,SARIYER,EMİRGAN MAH,382,382
694,2022,SARIYER,FATİH SULTAN MEHMET MAH.,682,682
695,2022,SARIYER,FERAHEVLER MAH,552,552
696,2022,SARIYER,GARİPÇE MAH,57,57
697,2022,SARIYER,GÜMÜŞDERE MAH,111,111
698,2022,SARIYER,HUZUR MAH.,195,195
699,2022,SARIYER,İSTİNYE MAH,545,545
700,2022,SARIYER,KAZIM KARABEKİR PAŞA MAH,357,357
701,2022,SARIYER,KISIRKAYA MAH,47,47
702,2022,SARIYER,KİREÇBURNU MAH,212,212
703,2022,SARIYER,KOCATAŞ MAH,245,245
704,2022,SARIYER,KUMKÖY (KİLYOS) MAH,279,279
705,2022,SARIYER,MADEN MAH,416,416
706,2022,SARIYER,MASLAK MAH.,328,328
707,2022,SARIYER,PINAR MAH,432,432
708,2022,SARIYER,POLİGON MAH,204,204
709,2022,SARIYER,PTT EVLERİ MAH,178,177
710,2022,SARIYER,REŞİTPAŞA MAH,389,389
711,2022,SARIYER,RUMELİFENERİ MAH,63,63
712,2022,SARIYER,RUMELİHİSARI MAH,449,449
713,2022,SARIYER,RUMELİKAVAĞI MAH,281,281
714,2022,SARIYER,SARIYER MERKEZ MAH,338,338
715,2022,SARIYER,TARABYA MAH,398,395
716,2022,SARIYER,USKUMRUKÖY MAH,301,301
717,2022,SARIYER,YENİ MAH,120,120
718,2022,SARIYER,YENİKÖY MAH,461,461
719,2022,SARIYER,ZEKERİYAKÖY MAH,707,707
720,2022,SİLİVRİ,AKÖREN MAH,291,291
721,2022,SİLİVRİ,ALİBEY MAH,498,498
722,2022,SİLİVRİ,ALİPAŞA MAH,105,104
723,2022,SİLİVRİ,BEKİRLİ MAH,32,32
724,2022,SİLİVRİ,BEYCİLER MAH,89,89
725,2022,SİLİVRİ,BÜYÜK ÇAVUŞLU MAH,148,148
726,2022,SİLİVRİ,BÜYÜK KILIÇLI MAH,53,53
727,2022,SİLİVRİ,BÜYÜK SİNEKLİ MAH,69,69
728,2022,SİLİVRİ,CUMHURİYET MAH,730,730
729,2022,SİLİVRİ,ÇANTA BALABAN MAH,1138,1138
730,2022,SİLİVRİ,ÇANTA SANCAKTEPE MAH,677,675
731,2022,SİLİVRİ,ÇAYIRDERE MAH,111,111
732,2022,SİLİVRİ,ÇELTİK MAH,70,70
733,2022,SİLİVRİ,DANAMANDIRA MAH,44,44
734,2022,SİLİVRİ,DEĞİRMENKÖY FEVZİPAŞA MAH,188,188
735,2022,SİLİVRİ,DEĞİRMENKÖY İSMETPAŞA MAH,88,88
736,2022,SİLİVRİ,FATİH MAH,150,150
737,2022,SİLİVRİ,FENER MAH,241,234
738,2022,SİLİVRİ,GAZİTEPE MAH,212,212
739,2022,SİLİVRİ,GÜMÜŞYAKA MAH,1894,1890
740,2022,SİLİVRİ,KADIKÖY MAH,60,60
741,2022,SİLİVRİ,KAVAKLI HÜRRİYET MAH,106,106
742,2022,SİLİVRİ,KAVAKLI İSTİKLAL MAH,85,85
743,2022,SİLİVRİ,KURFALLI MAH,72,72
744,2022,SİLİVRİ,KÜÇÜK KILIÇLI MAH,77,77
745,2022,SİLİVRİ,KÜÇÜK SİNEKLİ MAH,10,10
746,2022,SİLİVRİ,MİMAR SİNAN MAH,1004,1004
747,2022,SİLİVRİ,ORTAKÖY MAH,356,356
748,2022,SİLİVRİ,PİRİ MEHMET PAŞA MAH,261,261
749,2022,SİLİVRİ,SAYALAR MAH,50,50
750,2022,SİLİVRİ,SELİMPAŞA MAH,1411,1411
751,2022,SİLİVRİ,SEMİZKUMLAR MAH,1798,1798
752,2022,SİLİVRİ,SEYMEN MAH,80,80
753,2022,SİLİVRİ,YENİ MAH,598,598
754,2022,SİLİVRİ,YOLÇATI MAH,20,20
755,2022,SULTANBEYLİ,ABDURRAHMANGAZİ MAH,212,212
756,2022,SULTANBEYLİ,ADİL MAH,142,142
757,2022,SULTANBEYLİ,AHMET YESEVİ MAH,125,125
758,2022,SULTANBEYLİ,AKŞEMSETTİN MAH,119,119
759,2022,SULTANBEYLİ,BATTALGAZİ MAH,442,442
760,2022,SULTANBEYLİ,FATİH MAH,166,166
761,2022,SULTANBEYLİ,HAMİDİYE MAH,181,181
762,2022,SULTANBEYLİ,HASANPAŞA MAH,136,136
763,2022,SULTANBEYLİ,MECİDİYE MAH,218,218
764,2022,SULTANBEYLİ,MEHMET AKİF MAH,226,222
765,2022,SULTANBEYLİ,MİMAR SİNAN MAH,191,191
766,2022,SULTANBEYLİ,NECİP FAZIL MAH,218,218
767,2022,SULTANBEYLİ,ORHANGAZİ MAH,135,135
768,2022,SULTANBEYLİ,TURGUT REİS MAH,118,118
769,2022,SULTANBEYLİ,YAVUZ SELİM MAH,137,137
770,2022,SULTANGAZİ,CEBECİ MAH,1075,1075
771,2022,SULTANGAZİ,CUMHURİYET MAH,215,215
772,2022,SULTANGAZİ,ESENTEPE MAH,1208,1208
773,2022,SULTANGAZİ,ESKİ HABİPLER MAH,139,139
774,2022,SULTANGAZİ,GAZİ MAH,658,658
775,2022,SULTANGAZİ,HABİBLER MAH,405,405
776,2022,SULTANGAZİ,İSMETPAŞA MAH,794,794
777,2022,SULTANGAZİ,MALKOÇOĞLU MAH,121,121
778,2022,SULTANGAZİ,SULTANÇİFTLİĞİ MAH.,408,408
779,2022,SULTANGAZİ,UĞUR MUMCU MAH,601,601
780,2022,SULTANGAZİ,YAYLA MAH.,155,155
781,2022,SULTANGAZİ,YUNUS EMRE MAH,604,604
782,2022,SULTANGAZİ,ZÜBEYDE HANIM MAH.,1229,1229
783,2022,SULTANGAZİ,50.YIL MAH.,1074,1074
784,2022,SULTANGAZİ,75.YIL MAH,631,631
785,2022,ŞİLE,AĞAÇDERE MAH,7,7
786,2022,ŞİLE,AĞVA MERKEZ MAH,99,99
787,2022,ŞİLE,AHMETLİ MAH,122,122
788,2022,ŞİLE,AKÇAKESE MAH,126,126
789,2022,ŞİLE,ALACALI MAH,127,127
790,2022,ŞİLE,AVCIKORU MAH,27,27
791,2022,ŞİLE,BALİBEY MAH,282,282
792,2022,ŞİLE,BIÇKIDERE MAH,83,83
793,2022,ŞİLE,BOZGOCA MAH,116,116
794,2022,ŞİLE,BUCAKLI MAH,24,24
795,2022,ŞİLE,ÇATAKLI MAH,8,8
796,2022,ŞİLE,ÇAVUŞ MAH,466,466
797,2022,ŞİLE,ÇAYIRBAŞI MAH,100,100
798,2022,ŞİLE,ÇELEBİ MAH,47,47
799,2022,ŞİLE,ÇENGİLLİ MAH,23,23
800,2022,ŞİLE,DARLIK MAH,12,12
801,2022,ŞİLE,DEĞİRMENÇAYIRI MAH,63,63
802,2022,ŞİLE,DOĞANCILI MAH,91,91
803,2022,ŞİLE,ERENLER MAH,11,11
804,2022,ŞİLE,ESENCELİ MAH,2,2
805,2022,ŞİLE,GEREDELİ MAH,87,87
806,2022,ŞİLE,GÖÇE MAH,59,59
807,2022,ŞİLE,GÖKMAŞLI MAH,10,10
808,2022,ŞİLE,GÖKSU MAH,14,14
809,2022,ŞİLE,HACI KASIM MAH,38,38
810,2022,ŞİLE,HACILLI MAH,23,23
811,2022,ŞİLE,HASANLI MAH,19,19
812,2022,ŞİLE,İMRENDERE MAH,59,59
813,2022,ŞİLE,İMRENLİ MAH,55,55
814,2022,ŞİLE,İSAKÖY MAH,29,29
815,2022,ŞİLE,KABAKOZ MAH,187,187
816,2022,ŞİLE,KADIKÖY MAH,3,3
817,2022,ŞİLE,KALEM MAH,26,26
818,2022,ŞİLE,KARABEYLİ MAH,47,47
819,2022,ŞİLE,KARACAKÖY MAH,116,116
820,2022,ŞİLE,KARAKİRAZ MAH,100,100
821,2022,ŞİLE,KARAMANDERE MAH,50,50
822,2022,ŞİLE,KERVANSARAY MAH,71,71
823,2022,ŞİLE,KIZILCA MAH,43,43
824,2022,ŞİLE,KORUCU MAH,7,7
825,2022,ŞİLE,KÖMÜRLÜK MAH,47,47
826,2022,ŞİLE,KUMBABA MAH,206,206
827,2022,ŞİLE,KURFALLI MAH,34,34
828,2022,ŞİLE,KURNA MAH,52,52
829,2022,ŞİLE,MEŞRUTİYET MAH,76,76
830,2022,ŞİLE,ORUÇOĞLU MAH,85,85
831,2022,ŞİLE,OSMANKÖY MAH,22,22
832,2022,ŞİLE,OVACIK MAH,33,33
833,2022,ŞİLE,SAHİLKÖY MAH,115,115
834,2022,ŞİLE,SATMAZLI MAH,38,38
835,2022,ŞİLE,SOFULAR MAH,46,46
836,2022,ŞİLE,SOĞULLU MAH,15,15
837,2022,ŞİLE,SORTULLU MAH,12,12
838,2022,ŞİLE,ŞUAYİPLİ MAH,57,57
839,2022,ŞİLE,TEKE MAH,36,36
840,2022,ŞİLE,ULUPELİT MAH,12,12
841,2022,ŞİLE,ÜVEZLİ MAH,141,141
842,2022,ŞİLE,YAKA MAH,25,25
843,2022,ŞİLE,YAYLALI MAH,5,5
844,2022,ŞİLE,YAZIMANAYIR MAH,24,24
845,2022,ŞİLE,YENİKÖY MAH,19,19
846,2022,ŞİLE,YEŞİLVADİ MAH,46,46
847,2022,ŞİŞLİ,BOZKURT MAH,442,429
848,2022,ŞİŞLİ,CUMHURİYET MAH,188,188
849,2022,ŞİŞLİ,DUATEPE MAH,284,280
850,2022,ŞİŞLİ,ERGENEKON MAH,81,81
851,2022,ŞİŞLİ,ESENTEPE MAH,205,205
852,2022,ŞİŞLİ,ESKİŞEHİR MAH,333,329
853,2022,ŞİŞLİ,FERİKÖY MAH,175,168
854,2022,ŞİŞLİ,FULYA MAH,329,328
855,2022,ŞİŞLİ,GÜLBAHAR MAH,494,494
856,2022,ŞİŞLİ,HALASKARGAZİ MAH,358,357
857,2022,ŞİŞLİ,HALİDE EDİP ADIVAR MAH,300,283
858,2022,ŞİŞLİ,HALİL RIFAT PAŞA MAH,107,107
859,2022,ŞİŞLİ,HARBİYE MAH,132,132
860,2022,ŞİŞLİ,İNÖNÜ MAH,219,219
861,2022,ŞİŞLİ,İZZET PAŞA MAH,210,210
862,2022,ŞİŞLİ,KAPTANPAŞA MAH,37,37
863,2022,ŞİŞLİ,KUŞTEPE MAH,596,596
864,2022,ŞİŞLİ,MAHMUT ŞEVKET PAŞA MAH,346,343
865,2022,ŞİŞLİ,MECİDİYEKÖY MAH,423,423
866,2022,ŞİŞLİ,MERKEZ MAH,370,360
867,2022,ŞİŞLİ,MEŞRUTİYET MAH,247,243
868,2022,ŞİŞLİ,PAŞA MAH,422,413
869,2022,ŞİŞLİ,TEŞVİKİYE MAH,310,302
870,2022,ŞİŞLİ,YAYLA MAH,235,231
871,2022,ŞİŞLİ,19 MAYIS MAH,254,247
872,2022,TUZLA,AKFIRAT MAH.,379,379
873,2022,TUZLA,ANADOLU MAH.,23,23
874,2022,TUZLA,AYDINLI - BİRLİK OSB,10,10
875,2022,TUZLA,AYDINLI MAH,880,880
876,2022,TUZLA,AYDINLI-KOSB,2,2
877,2022,TUZLA,AYDINTEPE MAH,369,369
878,2022,TUZLA,CAMİ MAH,90,90
879,2022,TUZLA,DERİ OSB,1,1
880,2022,TUZLA,EVLİYA ÇELEBİ MAH,182,182
881,2022,TUZLA,FATİH MAH.,24,24
882,2022,TUZLA,İÇMELER MAH,268,268
883,2022,TUZLA,İSTASYON MAH,202,202
884,2022,TUZLA,MESCİT MAH.,74,74
885,2022,TUZLA,MİMAR SİNAN MAH,333,333
886,2022,TUZLA,ORHANLI MAH,82,82
887,2022,TUZLA,ORTA MAH.,102,102
888,2022,TUZLA,POSTANE MAH,344,344
889,2022,TUZLA,ŞİFA MAH,355,355
890,2022,TUZLA,TEPEOREN İTOSB,1,1
891,2022,TUZLA,TEPEÖREN MAH.,347,347
892,2022,TUZLA,YAYLA MAH,246,246
893,2022,ÜMRANİYE,ADEM YAVUZ MAH,225,225
894,2022,ÜMRANİYE,ALTINŞEHİR MAH,341,341
895,2022,ÜMRANİYE,ARMAĞANEVLER MAH,507,507
896,2022,ÜMRANİYE,AŞAĞI DUDULLU MAH,316,316
897,2022,ÜMRANİYE,ATAKENT MAH,255,255
898,2022,ÜMRANİYE,ATATÜRK MAH,466,466
899,2022,ÜMRANİYE,CEMİL MERİÇ MAH,1007,1007
900,2022,ÜMRANİYE,ÇAKMAK MAH,638,616
901,2022,ÜMRANİYE,ÇAMLIK MAH,443,443
902,2022,ÜMRANİYE,DUDULLU OSB,195,195
903,2022,ÜMRANİYE,DUMLUPINAR MAH,387,387
904,2022,ÜMRANİYE,ELMALIKENT MAH,563,563
905,2022,ÜMRANİYE,ESENEVLER MAH,428,428
906,2022,ÜMRANİYE,ESENKENT MAH,262,262
907,2022,ÜMRANİYE,ESENŞEHİR MAH,345,345
908,2022,ÜMRANİYE,FATİH SULTAN MEHMET MAH,74,58
909,2022,ÜMRANİYE,FİNANSKENT MAH,19,19
910,2022,ÜMRANİYE,HEKİMBAŞI MAH,407,407
911,2022,ÜMRANİYE,HUZUR MAH,266,266
912,2022,ÜMRANİYE,IHLAMURKUYU MAH,389,388
913,2022,ÜMRANİYE,İNKILAP MAH,734,734
914,2022,ÜMRANİYE,İSTİKLAL MAH,534,534
915,2022,ÜMRANİYE,KAZIM KARABEKİR MAH,540,540
916,2022,ÜMRANİYE,MADENLER MAH,157,157
917,2022,ÜMRANİYE,MEHMET AKİF MAH,215,215
918,2022,ÜMRANİYE,NAMIK KEMAL MAH,418,418
919,2022,ÜMRANİYE,NECİP FAZIL MAH,308,306
920,2022,ÜMRANİYE,PARSELLER MAH,226,226
921,2022,ÜMRANİYE,SARAY MAH,173,173
922,2022,ÜMRANİYE,SİTE MAH,283,283
923,2022,ÜMRANİYE,ŞERİFALİ MAH,355,355
924,2022,ÜMRANİYE,TANTAVİ MAH,103,103
925,2022,ÜMRANİYE,TATLISU MAH,209,209
926,2022,ÜMRANİYE,TEPEÜSTÜ MAH,315,315
927,2022,ÜMRANİYE,TOPAĞACI MAH,656,656
928,2022,ÜMRANİYE,YAMANEVLER MAH,129,129
929,2022,ÜMRANİYE,YENİŞEHİR MAH,291,287
930,2022,ÜMRANİYE,YUKARI DUDULLU MAH,529,529
931,2022,ÜSKÜDAR,ACIBADEM MAH,323,323
932,2022,ÜSKÜDAR,AHMEDİYE MAH,538,538
933,2022,ÜSKÜDAR,ALTUNİZADE MAH,314,314
934,2022,ÜSKÜDAR,AZİZ MAHMUT HÜDAYİ MAH,367,364
935,2022,ÜSKÜDAR,BAHÇELİEVLER MAH,484,484
936,2022,ÜSKÜDAR,BARBAROS MAH,308,308
937,2022,ÜSKÜDAR,BEYLERBEYİ MAH,201,201
938,2022,ÜSKÜDAR,BULGURLU MAH,259,259
939,2022,ÜSKÜDAR,BURHANİYE MAH,464,464
940,2022,ÜSKÜDAR,CUMHURİYET MAH,467,467
941,2022,ÜSKÜDAR,ÇENGELKÖY MAH,491,491
942,2022,ÜSKÜDAR,FERAH MAH,395,395
943,2022,ÜSKÜDAR,GÜZELTEPE MAH,354,354
944,2022,ÜSKÜDAR,İCADİYE MAH,565,565
945,2022,ÜSKÜDAR,KANDİLLİ MAH,71,70
946,2022,ÜSKÜDAR,KISIKLI MAH,440,440
947,2022,ÜSKÜDAR,KİRAZLITEPE MAH,415,415
948,2022,ÜSKÜDAR,KULELİ MAH,88,88
949,2022,ÜSKÜDAR,KUZGUNCUK MAH,241,241
950,2022,ÜSKÜDAR,KÜÇÜK ÇAMLICA MAH,364,364
951,2022,ÜSKÜDAR,KÜÇÜKSU MAH,292,292
952,2022,ÜSKÜDAR,KÜPLÜCE MAH,354,354
953,2022,ÜSKÜDAR,MEHMET AKİF ERSOY MAH,760,760
954,2022,ÜSKÜDAR,MİMAR SİNAN MAH,431,431
955,2022,ÜSKÜDAR,MURATREİS MAH,457,457
956,2022,ÜSKÜDAR,SALACAK MAH,210,210
957,2022,ÜSKÜDAR,SELAMİ ALİ MAH,256,256
958,2022,ÜSKÜDAR,SELİMİYE MAH,292,292
959,2022,ÜSKÜDAR,SULTANTEPE MAH,167,167
960,2022,ÜSKÜDAR,ÜNALAN MAH,828,828
961,2022,ÜSKÜDAR,VALİDE-İ ATİK MAH,624,624
962,2022,ÜSKÜDAR,YAVUZTÜRK MAH,574,574
963,2022,ÜSKÜDAR,ZEYNEP KAMİL MAH,319,319
964,2022,ZEYTİNBURNU,BEŞTELSİZ MAH,218,218
965,2022,ZEYTİNBURNU,ÇIRPICI MAH,296,296
966,2022,ZEYTİNBURNU,GÖKALP MAH,277,277
967,2022,ZEYTİNBURNU,KAZLIÇEŞME MAH,198,198
968,2022,ZEYTİNBURNU,MALTEPE MAH,252,252
969,2022,ZEYTİNBURNU,MERKEZEFENDİ MAH,223,223
970,2022,ZEYTİNBURNU,NURİPAŞA MAH,325,325
971,2022,ZEYTİNBURNU,SEYİTNİZAM MAH,240,240
972,2022,ZEYTİNBURNU,SÜMER MAH,368,368
973,2022,ZEYTİNBURNU,TELSİZ MAH,390,390
974,2022,ZEYTİNBURNU,VELİEFENDİ MAH,243,243
975,2022,ZEYTİNBURNU,YENİDOĞAN MAH,208,208
976,2022,ZEYTİNBURNU,YEŞİLTEPE MAH,180,180
