ILCE,MAHALLE,NUFUS_2022,NUFUS_2023
ADALAR,BURGAZADA,1570,1503
ADALAR,HEYBELİADA,4424,4057
ADALAR,KINALIADA,1940,1847
ADALAR,MADEN,4213,4013
ADALAR,NİZAM,3783,3753
ARNAVUTKÖY,ADNAN MENDERES,4677,4943
ARNAVUTKÖY,ANADOLU,56864,58740
ARNAVUTKÖY,ARNAVUTKÖY MERKEZ,20131,19951
ARNAVUTKÖY,ATATÜRK,12963,13124
ARNAVUTKÖY,BAKLALI,671,818
ARNAVUTKÖY,BALABAN,289,340
ARNAVUTKÖY,BOLLUCA,9368,9756
ARNAVUTKÖY,BOYALIK,384,402
ARNAVUTKÖY,BOĞAZKÖY İSTİKLAL,12235,12696
ARNAVUTKÖY,DELİKLİKAYA,8414,855
ARNAVUTKÖY,DURSUNKÖY,424,441
ARNAVUTKÖY,DURUSU,768,784
ARNAVUTKÖY,FATİH,3779,3948
ARNAVUTKÖY,HACIMAŞLI,247,274
ARNAVUTKÖY,HADIMKÖY,26450,27479
ARNAVUTKÖY,HARAÇÇI,8477,8756
ARNAVUTKÖY,HASTANE,4395,4411
ARNAVUTKÖY,HİCRET,3943,4034
ARNAVUTKÖY,KARABURUN,1438,1570
ARNAVUTKÖY,KARLIBAYIR,13446,13844
ARNAVUTKÖY,MAREŞAL FEVZİ ÇAKMAK,6072,6745
ARNAVUTKÖY,MAVİGÖL,9756,10033
ARNAVUTKÖY,MEHMET AKİF ERSOY,6777,7045
ARNAVUTKÖY,MUSTAFA KEMAL PAŞA,13564,13678
ARNAVUTKÖY,NENEHATUN,7842,7967
ARNAVUTKÖY,SAZLIBOSNA,1029,1038
ARNAVUTKÖY,TAYAKADIN,2987,3478
ARNAVUTKÖY,TAŞOLUK,14142,14756
ARNAVUTKÖY,TERKOS,919,906
ARNAVUTKÖY,YASSIÖREN,646,646
ARNAVUTKÖY,YAVUZ SELİM,1241,12938
ARNAVUTKÖY,YENİKÖY,1518,1529
ARNAVUTKÖY,YEŞİLBAYIR,5890,6360
ARNAVUTKÖY,YUNUS EMRE,19403,20019
ARNAVUTKÖY,ÇİLİNGİR,1187,1175
ARNAVUTKÖY,ÖMERLİ,7502,7562
ARNAVUTKÖY,İMRAHOR,10958,11098
ARNAVUTKÖY,İSLAMBEY,19657,20538
ATAŞEHİR,ATATÜRK,28421,28662
ATAŞEHİR,AŞIKVEYSEL,14028,13767
ATAŞEHİR,BARBAROS,31438,30812
ATAŞEHİR,ESATPAŞA,26895,26384
ATAŞEHİR,FERHATPAŞA,27875,28143
ATAŞEHİR,FETİH,11871,11578
ATAŞEHİR,KAYIŞDAĞI,43969,43004
ATAŞEHİR,KÜÇÜKBAKKALKÖY,29885,29039
ATAŞEHİR,MEVLANA,18970,18594
ATAŞEHİR,MUSTAFA KEMAL,14647,14354
ATAŞEHİR,MİMAR SİNAN,9902,9614
ATAŞEHİR,YENİ ÇAMLICA,13085,12833
ATAŞEHİR,YENİSAHRA,9968,9487
ATAŞEHİR,YENİŞEHİR,10845,10674
ATAŞEHİR,ÖRNEK,26761,26099
ATAŞEHİR,İNÖNÜ,25659,25255
ATAŞEHİR,İÇERENKÖY,72832,71594
AVCILAR,AMBARLI,37293,35938
AVCILAR,CİHANGİR,64812,61128
AVCILAR,DENİZKÖŞKLER,43504,40179
AVCILAR,FİRUZKÖY,24302,23919
AVCILAR,GÜMÜŞPALA,37975,35348
AVCILAR,MERKEZ,29901,28154
AVCILAR,MUSTAFA KEMALPAŞA,45515,42911
AVCILAR,TAHTAKALE,52658,56152
AVCILAR,YEŞİLKENT,76859,76042
AVCILAR,ÜNİVERSİTE,23294,27065
BAHÇELİEVLER,BAHÇELİEVLER,59694,57986
BAHÇELİEVLER,CUMHURİYET,40738,39241
BAHÇELİEVLER,FEVZİ ÇAKMAK,25275,23814
BAHÇELİEVLER,HÜRRİYET,48558,45625
BAHÇELİEVLER,KOCASINAN MERKEZ,76500,74900
BAHÇELİEVLER,KOCASİNAN MERKEZ,72394,70612
BAHÇELİEVLER,SOĞANLI,66413,62585
BAHÇELİEVLER,SİYAVUŞPAŞA,63517,61139
BAHÇELİEVLER,YENİBOSNA MERKEZ,3713,36071
BAHÇELİEVLER,ZAFER,85455,81768
BAHÇELİEVLER,ÇOBANÇEŞME,33708,31334
BAHÇELİEVLER,ŞİRİNEVLER,59868,54808
BAKIRKÖY,ATAKÖY 1. KISIM,1446,1393
BAKIRKÖY,ATAKÖY 2-5-6. KISIM,12476,11885
BAKIRKÖY,ATAKÖY 3-4-11. KISIM,8172,7675
BAKIRKÖY,ATAKÖY 7-8-9-10. KISIM,25042,24196
BAKIRKÖY,BASINKÖY,5728,5571
BAKIRKÖY,CEVİZLİK,5368,5108
BAKIRKÖY,KARTALTEPE,37440,35807
BAKIRKÖY,OSMANİYE,23626,22718
BAKIRKÖY,SAKIZAĞACI,8443,8040
BAKIRKÖY,YENİMAHALLE,666,6329
BAKIRKÖY,YEŞİLKÖY,25039,24941
BAKIRKÖY,YEŞİLYURT,8433,8262
BAKIRKÖY,ZEYTİNLİK,5392,5146
BAKIRKÖY,ZUHURATBABA,20749,19625
BAKIRKÖY,ŞENLİKKÖY,29078,280
BAYRAMPAŞA,ALTINTEPSİ,29539,28989
BAYRAMPAŞA,CEVATPAŞA,18722,18177
BAYRAMPAŞA,KARTALTEPE,43660,42654
BAYRAMPAŞA,KOCATEPE,21396,20707
BAYRAMPAŞA,MURATPAŞA,32692,32326
BAYRAMPAŞA,ORTA,15925,15488
BAYRAMPAŞA,TERAZİDERE,15709,15345
BAYRAMPAŞA,VATAN,10474,10049
BAYRAMPAŞA,YENİDOĞAN,18158,17867
BAYRAMPAŞA,YILDIRIM,49631,49940
BAYRAMPAŞA,İSMET PAŞA,16427,15861
BAĞCILAR,100. YIL,48200,47500
BAĞCILAR,15 TEMMUZ,74990,74016
BAĞCILAR,BARBAROS,27249,26456
BAĞCILAR,BAĞLAR,13061,12960
BAĞCILAR,DEMİRKAPI,53878,53791
BAĞCILAR,FATİH,42296,41062
BAĞCILAR,FEVZİ ÇAKMAK,33557,32703
BAĞCILAR,GÖZTEPE,26174,25233
BAĞCILAR,GÜNEŞLİ,47207,45518
BAĞCILAR,HÜRRİYET,26012,25567
BAĞCILAR,KAZIM KARABEKİR,27823,26879
BAĞCILAR,KEMALPAŞA,33830,32548
BAĞCILAR,KİRAZLI,40496,3934
BAĞCILAR,MAHMUTBEY,27624,27816
BAĞCILAR,MERKEZ,26063,25419
BAĞCILAR,SANCAKTEPE,19006,18348
BAĞCILAR,YAVUZ SELİM,2816,27473
BAĞCILAR,YENİGÜN,21802,21166
BAĞCILAR,YENİMAHALLE,34862,34138
BAĞCILAR,YILDIZTEPE,31273,30111
BAĞCILAR,ÇINAR,32878,31563
BAĞCILAR,İNÖNÜ,24198,23376
BAŞAKŞEHİR,ALTINŞEHİR,22945,24901
BAŞAKŞEHİR,BAHÇEŞEHİR 1. KISIM,36449,36693
BAŞAKŞEHİR,BAHÇEŞEHİR 2. KISIM,60219,60171
BAŞAKŞEHİR,BAŞAK,73744,69985
BAŞAKŞEHİR,BAŞAKŞEHİR,73618,71096
BAŞAKŞEHİR,GÜVERCİNTEPE,73768,74234
BAŞAKŞEHİR,KAYABAŞI,110619,117163
BAŞAKŞEHİR,ZİYA GÖKALP,29461,29997
BAŞAKŞEHİR,İKITELLI OSB,23,21
BAŞAKŞEHİR,ŞAHİNTEPE,32924,32254
BAŞAKŞEHİR,ŞAMLAR,1848,2056
BEYKOZ,ACARLAR,6663,6357
BEYKOZ,AKBABA,2341,2362
BEYKOZ,ALİBAHADIR,7780,7820
BEYKOZ,ANADOLU HİSARI,2612,2499
BEYKOZ,ANADOLU KAVAĞI,2619,2517
BEYKOZ,ANADOLUFENERİ,6950,6880
BEYKOZ,BAKLACI,2886,2975
BEYKOZ,BOZHANE,594,646
BEYKOZ,CUMHURİYET,2021,1996
BEYKOZ,DERESEKİ,1646,1677
BEYKOZ,ELMALI,2160,2233
BEYKOZ,FATİH,4207,4189
BEYKOZ,GÖKSU,2639,2716
BEYKOZ,GÖLLÜ,295,303
BEYKOZ,GÖRELE,1917,2011
BEYKOZ,GÖZTEPE,9469,9159
BEYKOZ,GÜMÜŞSUYU,14138,13733
BEYKOZ,KANLICA,3718,3674
BEYKOZ,KAVACIK,24016,23477
BEYKOZ,KAYNARCA,742,835
BEYKOZ,KILIÇLI,569,625
BEYKOZ,MAHMUTŞEVKETPAŞA,1632,1668
BEYKOZ,MERKEZ,5768,5632
BEYKOZ,ORTAÇEŞME,7452,7230
BEYKOZ,PAŞABAHÇE,4289,4223
BEYKOZ,PAŞAMANDIRA,441,456
BEYKOZ,POLONEZKÖY,322,386
BEYKOZ,POYRAZKÖY,841,892
BEYKOZ,RÜZGARLIBAHÇE,7434,7137
BEYKOZ,RİVA,2885,3266
BEYKOZ,SOĞUKSU,11585,11210
BEYKOZ,TOKATKÖY,14819,13833
BEYKOZ,YALIKÖY,4823,4628
BEYKOZ,YAVUZ SELİM,5439,5464
BEYKOZ,YENİ MAHALLE,19404,19236
BEYKOZ,ZERZAVATÇI,1137,1163
BEYKOZ,ÇAMLIBAHÇE,6161,5992
BEYKOZ,ÇENGELDERE,5123,5073
BEYKOZ,ÇUBUKLU,21764,21303
BEYKOZ,ÇİFTLİK,5608,5591
BEYKOZ,ÇİĞDEM,1109,10916
BEYKOZ,ÖRNEKKÖY,3722,3872
BEYKOZ,ÖĞÜMCE,4780,4810
BEYKOZ,İNCİRKÖY,16985,16688
BEYKOZ,İSHAKLI,1066,1356
BEYLİKDÜZÜ,ADNAN KAHVECİ,113989,110619
BEYLİKDÜZÜ,BARIŞ,87554,83382
BEYLİKDÜZÜ,BÜYÜKŞEHİR,21902,21257
BEYLİKDÜZÜ,CUMHURİYET,23427,24787
BEYLİKDÜZÜ,DEREAĞZI,8965,9848
BEYLİKDÜZÜ,GÜRPINAR,20545,21993
BEYLİKDÜZÜ,KAVAKLI,22968,25699
BEYLİKDÜZÜ,MARMARA,32604,32464
BEYLİKDÜZÜ,SAHİL,6724,6887
BEYLİKDÜZÜ,YAKUPLU,79642,80820
BEYOĞLU,ARAP CAMİ,1170,970
BEYOĞLU,ASMALI MESCİT,4590,4220
BEYOĞLU,BEDRETTİN,6120,6030
BEYOĞLU,BEREKETZADE,532,478
BEYOĞLU,BOSTAN,2269,1883
BEYOĞLU,BÜLBÜL,2470,2232
BEYOĞLU,CAMİİKEBİR,2771,2586
BEYOĞLU,CİHANGİR,3739,3319
BEYOĞLU,EMEKYEMEZ,236,159
BEYOĞLU,EVLİYA ÇELEBİ,2430,2470
BEYOĞLU,FETİHTEPE,13066,12436
BEYOĞLU,FİRUZAĞA,3859,367
BEYOĞLU,GÜMÜŞSUYU,3262,3254
BEYOĞLU,HACIAHMET,16259,15578
BEYOĞLU,HACIMİMİ,1289,1228
BEYOĞLU,HALICIOĞLU,11956,11786
BEYOĞLU,HÜSEYİNAĞA,4440,5620
BEYOĞLU,KADIMEHMET EFENDİ,931,9061
BEYOĞLU,KALYONCU KULLUĞU,651,656
BEYOĞLU,KAMER HATUN,433,396
BEYOĞLU,KAPTANPAŞA,18197,17565
BEYOĞLU,KATİPMUSTAFA ÇELEBİ,7550,7950
BEYOĞLU,KEMANKEŞ KARAMUSTAFAPAŞA,512,475
BEYOĞLU,KEÇECİ PİRİ,14028,13804
BEYOĞLU,KILIÇALİ PAŞA,2296,2241
BEYOĞLU,KOCATEPE,1419,1319
BEYOĞLU,KULAKSIZ,9283,9005
BEYOĞLU,KULOĞLU,1404,1374
BEYOĞLU,KÜÇÜK PİYALE,8808,8634
BEYOĞLU,MÜEYYETZADE,602,584
BEYOĞLU,PÜRTELAŞ HASAN EFENDİ,1855,1795
BEYOĞLU,PİRİPAŞA,15698,15429
BEYOĞLU,PİYALEPAŞA,21265,20794
BEYOĞLU,SURURİ MEHMET EFENDİ,4157,3987
BEYOĞLU,SÜTLÜCE,12177,11843
BEYOĞLU,TOMTOM,657,738
BEYOĞLU,YAHYA KAHYA,3175,3144
BEYOĞLU,YENİŞEHİR,5726,5331
BEYOĞLU,ÇATMA MESCİT,2136,2046
BEYOĞLU,ÇUKUR,3010,2390
BEYOĞLU,ÖMER AVNİ,2117,1985
BEYOĞLU,ÖRNEKTEPE,15615,15386
BEYOĞLU,İSTİKLAL,4943,5036
BEYOĞLU,ŞAHKULU,1390,1469
BEYOĞLU,ŞEHİT MUHTAR,1311,117
BEŞİKTAŞ,ABBASAĞA,5274,5138
BEŞİKTAŞ,AKAT,15038,14561
BEŞİKTAŞ,ARNAVUTKÖY,3616,3465
BEŞİKTAŞ,BALMUMCU,3059,3028
BEŞİKTAŞ,BEBEK,5237,5142
BEŞİKTAŞ,CİHANNÜMA,3652,349
BEŞİKTAŞ,DİKİLİTAŞ,1615,15149
BEŞİKTAŞ,ETİLER,11258,10541
BEŞİKTAŞ,GAYRETTEPE,10250,10028
BEŞİKTAŞ,KONAKLAR,14484,13858
BEŞİKTAŞ,KURUÇEŞME,3091,2975
BEŞİKTAŞ,KÜLTÜR,4834,4679
BEŞİKTAŞ,LEVAZIM,5961,5667
BEŞİKTAŞ,LEVENT,2723,2790
BEŞİKTAŞ,MECİDİYE,10141,981
BEŞİKTAŞ,MURADİYE,4667,4559
BEŞİKTAŞ,NİSBETİYE,11569,11235
BEŞİKTAŞ,ORTAKÖY,8432,8111
BEŞİKTAŞ,SİNANPAŞA,2478,2145
BEŞİKTAŞ,TÜRKALİ,9996,9696
BEŞİKTAŞ,ULUS,6750,6432
BEŞİKTAŞ,VİŞNEZADE,5957,7959
BEŞİKTAŞ,YILDIZ,5496,5431
BÜYÜKÇEKMECE,19 MAYIS,12900,12610
BÜYÜKÇEKMECE,AHMEDİYE,1154,1099
BÜYÜKÇEKMECE,ALKENT 2000,6619,7209
BÜYÜKÇEKMECE,ATATÜRK,27272,26628
BÜYÜKÇEKMECE,BAHÇELİEVLER,4153,4318
BÜYÜKÇEKMECE,CELALİYE,6943,7206
BÜYÜKÇEKMECE,CUMHURİYET,8924,8485
BÜYÜKÇEKMECE,DİZDARİYE,6687,6476
BÜYÜKÇEKMECE,EKİNOBA,14379,14771
BÜYÜKÇEKMECE,FATİH,19323,18714
BÜYÜKÇEKMECE,GÜZELCE,11263,11540
BÜYÜKÇEKMECE,HÜRRİYET,2296,22809
BÜYÜKÇEKMECE,KAMİLOBA,8636,8901
BÜYÜKÇEKMECE,KARAAĞAÇ,4792,5231
BÜYÜKÇEKMECE,KUMBURGAZ,8506,9502
BÜYÜKÇEKMECE,MURAT ÇESME,20410,19820
BÜYÜKÇEKMECE,MİMAROBA,20089,20118
BÜYÜKÇEKMECE,MİMARSİNAN,9448,9182
BÜYÜKÇEKMECE,PINARTEPE,25626,24960
BÜYÜKÇEKMECE,SİNANOBA,15961,1579
BÜYÜKÇEKMECE,TÜRKOBA,6839,7040
BÜYÜKÇEKMECE,ULUS,8300,8111
BÜYÜKÇEKMECE,YENİMAHALLE,2455,245
BÜYÜKÇEKMECE,ÇAKMAKLI,4379,5695
ESENLER,15 TEMMUZ,24984,33674
ESENLER,ATIŞALANI,34468,33452
ESENLER,BİRLİK,27593,26216
ESENLER,DAVUTPAŞA,27750,26456
ESENLER,FATİH,43345,41515
ESENLER,FEVZİ ÇAKMAK,32306,31081
ESENLER,HAVAALANI,30738,30248
ESENLER,KAZIM KARABEKİR,3548,34092
ESENLER,KEMER,18742,18172
ESENLER,MENDERES,19576,19252
ESENLER,MİMAR SİNAN,13816,13216
ESENLER,NAMIK KEMAL,19308,18788
ESENLER,NİNE HATUN,41727,40028
ESENLER,ORUÇREİS,39531,34657
ESENLER,TUNA,28491,27665
ESENLER,TURGUT REİS,45672,4397
ESENLER,YAVUZ SELİM,3734,3517
ESENLER,ÇİFTE HAVUZLAR,2252,2205
ESENYURT,AKEVLER,12238,11855
ESENYURT,AKÇABURGAZ,25609,25951
ESENYURT,AKŞEMSEDDİN,794,7919
ESENYURT,ARDIÇLI,25329,24196
ESENYURT,ATATÜRK,27249,27105
ESENYURT,AŞIK VEYSEL,30517,31043
ESENYURT,BALIKYOLU,27897,27998
ESENYURT,BARBAROS HAYRETTİN PAŞA,2737,27467
ESENYURT,BATTALGAZİ,18096,18059
ESENYURT,BAĞLARÇEŞME,32878,32580
ESENYURT,CUMHURİYET,14723,1434
ESENYURT,ESENKENT,9077,9134
ESENYURT,FATİH,27642,2741
ESENYURT,GÖKEVLER,13383,15311
ESENYURT,GÜZELYURT,17929,17491
ESENYURT,HÜRRİYET,28515,28368
ESENYURT,KOZA,11489,12189
ESENYURT,MEHMET AKİF ERSOY,25816,25924
ESENYURT,MEHTERÇEŞME,33656,33522
ESENYURT,MERKEZ,31672,31992
ESENYURT,MEVLANA,20705,20600
ESENYURT,NAMIK KEMAL,21373,21328
ESENYURT,NECİP FAZIL KISAKÜREK,20394,20291
ESENYURT,ORHAN GAZİ,16247,1725
ESENYURT,OSMANGAZİ,31875,30991
ESENYURT,PINAR,36926,37015
ESENYURT,PİRİ REİS,16143,15747
ESENYURT,SAADETDERE,15701,15361
ESENYURT,SELAHADDİN EYYUBİ,29314,29545
ESENYURT,SULTANİYE,21343,21429
ESENYURT,SÜLEYMANİYE,34517,34454
ESENYURT,TALATPAŞA,25183,24420
ESENYURT,TURGUT ÖZAL,21048,20683
ESENYURT,YENİKENT,23554,23433
ESENYURT,YEŞİLKENT,36175,35687
ESENYURT,YUNUS EMRE,16589,16771
ESENYURT,ZAFER,18220,17621
ESENYURT,ÇINAR,30688,30551
ESENYURT,ÖRNEK,25296,25321
ESENYURT,ÜÇEVLER,29190,28491
ESENYURT,İNCİRTEPE,28175,27768
ESENYURT,İNÖNÜ,29380,29088
ESENYURT,İSTİKLAL,19522,1899
ESENYURT,ŞEHİTLER,1733,17141
EYÜPSULTAN,5.LEVENT,11927,12079
EYÜPSULTAN,AKPINAR,1123,1130
EYÜPSULTAN,AKŞEMSETTİN,39784,38703
EYÜPSULTAN,ALİBEYKÖY,12821,13062
EYÜPSULTAN,AĞAÇLI,1129,1093
EYÜPSULTAN,DEFTERDAR,2572,5270
EYÜPSULTAN,DÜĞMECİLER,18026,17772
EYÜPSULTAN,EMNİYETTEPE,11072,10787
EYÜPSULTAN,ESENTEPE,26903,26170
EYÜPSULTAN,GÖKTÜRK MERKEZ,37703,38574
EYÜPSULTAN,GÜZELTEPE,30974,30642
EYÜPSULTAN,IŞIKLAR,661,668
EYÜPSULTAN,KARADOLAP,23989,23894
EYÜPSULTAN,MERKEZ,12012,11951
EYÜPSULTAN,MİMAR SİNAN,6274,6622
EYÜPSULTAN,MİTHATPAŞA,819,856
EYÜPSULTAN,NİŞANCI,1563,15581
EYÜPSULTAN,ODAYERİ,2100,2160
EYÜPSULTAN,PİRİNÇÇİ,3479,3505
EYÜPSULTAN,RAMİ CUMA,14874,1467
EYÜPSULTAN,RAMİ YENİ,14994,15088
EYÜPSULTAN,SAKARYA,8793,9842
EYÜPSULTAN,SİLAHTARAĞA,10205,1012
EYÜPSULTAN,TOPÇULAR,10486,10248
EYÜPSULTAN,YEŞİLPINAR,38598,37952
EYÜPSULTAN,ÇIRÇIR,26081,26389
EYÜPSULTAN,ÇİFTALAN,1860,1850
EYÜPSULTAN,İHSANİYE,1590,1860
EYÜPSULTAN,İSLAMBEY,15361,14845
FATİH,AKSARAY,9278,8464
FATİH,AKŞEMSETTİN,19315,18622
FATİH,ALEMDAR,21,23
FATİH,ALİ KUŞÇU,9842,9482
FATİH,ATİKALİ,13632,13319
FATİH,AYVANSARAY,16223,15452
FATİH,BALABANAĞA,242,250
FATİH,BALAT,10834,10817
FATİH,BEYAZIT,23,16
FATİH,BİNBİRDİREK,1359,1414
FATİH,CANKURTARAN,215,200
FATİH,CERRAHPAŞA,5690,5619
FATİH,CİBALİ,7383,7199
FATİH,DEMİRTAŞ,1880,2740
FATİH,DERVİŞ ALİ,17187,1681
FATİH,EMİN SİNAN,8690,8700
FATİH,HACI KADIN,549,512
FATİH,HASEKİ SULTAN,8937,8653
FATİH,HIRKA-İ ŞERİF,2119,20523
FATİH,HOBYAR,60,65
FATİH,HOCA GIYASETTİN,4950,4530
FATİH,HOCAPAŞA,127,111
FATİH,KALENDERHANE,147,133
FATİH,KARAGÜMRÜK,11096,10850
FATİH,KATİP KASIM,1469,1354
FATİH,KEMALPAŞA,235,216
FATİH,KOCA MUSTAFAPAŞA,19091,18589
FATİH,KÜÇÜK AYASOFYA,1452,1400
FATİH,MERCAN,44,57
FATİH,MESİHPAŞA,1030,960
FATİH,MEVLANAKAPI,16960,16584
FATİH,MOLLA FENARİ,990,1020
FATİH,MOLLA GÜRANİ,12211,11713
FATİH,MOLLA HÜSREV,306,279
FATİH,MUHSİNE HATUN,1588,1403
FATİH,MİMAR HAYRETTİN,5500,4880
FATİH,MİMAR KEMALETTİN,1910,1730
FATİH,NİŞANCA,459,4081
FATİH,RÜSTEMPAŞA,42,25
FATİH,SARAÇ İSHAK,486,448
FATİH,SEYYİD ÖMER,24445,23727
FATİH,SULTAN AHMET,780,729
FATİH,SURURİ,210,380
FATİH,SÜLEYMANİYE,7020,6550
FATİH,SÜMBÜL EFENDİ,15846,15522
FATİH,SİLİVRİKAPI,1554,1508
FATİH,TAHTAKALE,19,19
FATİH,TAYA HATUN,112,98
FATİH,TOPKAPI,10609,10186
FATİH,YAVUZ SULTAN SELİM,16635,16138
FATİH,YAVUZ SİNAN,2500,2530
FATİH,YEDİKULE,15789,15521
FATİH,ZEYREK,10427,9789
FATİH,İSKENDERPAŞA,11578,10768
FATİH,ŞEHREMİNİ,19749,19271
FATİH,ŞEHSUVAR BEY,1582,1450
GAZİOSMANPAŞA,BARBAROS HAYRETTİN PAŞA,49879,48164
GAZİOSMANPAŞA,BAĞLARBAŞI,28263,28396
GAZİOSMANPAŞA,FEVZİ ÇAKMAK,2369,23155
GAZİOSMANPAŞA,HÜRRİYET,27947,27123
GAZİOSMANPAŞA,KARADENİZ,73245,71362
GAZİOSMANPAŞA,KARAYOLLARI,40503,39247
GAZİOSMANPAŞA,KARLITEPE,19407,19129
GAZİOSMANPAŞA,KAZIM KARABEKİR,44706,43578
GAZİOSMANPAŞA,MERKEZ,30922,3013
GAZİOSMANPAŞA,MEVLANA,26500,27100
GAZİOSMANPAŞA,PAZARİÇİ,12779,12194
GAZİOSMANPAŞA,SARIGÖL,25592,25175
GAZİOSMANPAŞA,YENİ MAHALLE,36845,35925
GAZİOSMANPAŞA,YENİDOĞAN,8088,7659
GAZİOSMANPAŞA,YILDIZTABYA,25216,24501
GAZİOSMANPAŞA,ŞEMSİPAŞA,25066,24712
GÜNGÖREN,ABDURRAHMAN NAFİZ GÜRMAN,22031,20854
GÜNGÖREN,AKINCILAR,26500,25800
GÜNGÖREN,GENÇOSMAN,38500,37400
GÜNGÖREN,GÜNEŞTEPE,24800,24100
GÜNGÖREN,GÜVEN,16218,15659
GÜNGÖREN,HAZNEDAR,22400,21800
GÜNGÖREN,MAREŞAL ÇAKMAK,32100,31500
GÜNGÖREN,MEHMET NESİH ÖZMEN,9076,8526
GÜNGÖREN,MERKEZ,44366,42649
GÜNGÖREN,SANAYİ,12585,12116
GÜNGÖREN,TOZKOPARAN,16741,13563
KADIKÖY,19 MAYIS,32752,32164
KADIKÖY,ACIBADEM,29563,28801
KADIKÖY,BOSTANCI,34500,33200
KADIKÖY,CADDEBOSTAN,21058,2017
KADIKÖY,CAFERAĞA,22347,21421
KADIKÖY,DUMLUPINAR,10185,10081
KADIKÖY,ERENKÖY,35200,34400
KADIKÖY,EĞİTİM,14204,13559
KADIKÖY,FENERBAHÇE,21405,20872
KADIKÖY,FENERYOLU,26542,25626
KADIKÖY,FİKİRTEPE,1239,12235
KADIKÖY,GÖZTEPE,41200,40500
KADIKÖY,HASANPAŞA,16564,1631
KADIKÖY,KOZYATAĞI,38500,37600
KADIKÖY,KOŞUYOLU,6912,6739
KADIKÖY,MERDİVENKÖY,32395,31214
KADIKÖY,OSMANAĞA,8652,7728
KADIKÖY,RASİMPAŞA,13369,12341
KADIKÖY,SAHRAYICEDİT,31423,30259
KADIKÖY,SUADİYE,2712,26428
KADIKÖY,ZÜHTÜPAŞA,8414,8155
KARTAL,ATALAR,30500,29800
KARTAL,CEVİZLİ,26485,25917
KARTAL,CUMHURİYET,23539,23223
KARTAL,ESENTEPE,30476,29922
KARTAL,GÜMÜŞPINAR,2665,265
KARTAL,HÜRRİYET,50833,50227
KARTAL,KARLIKTEPE,34324,33536
KARTAL,KORDONBOYU,13439,13145
KARTAL,ORHANTEPE,26500,26100
KARTAL,ORTA,1866,18173
KARTAL,PETROL İŞ,28400,27900
KARTAL,SOĞANLIK YENİ,29024,2874
KARTAL,TOPSELVİ,1289,12632
KARTAL,UĞUR MUMCU,42100,41500
KARTAL,YAKACIK YENİ,1906,19176
KARTAL,YAKACIK ÇARŞI,17825,18073
KARTAL,YALI,12945,1247
KARTAL,YUKARI,7626,7342
KARTAL,YUNUS,15496,15093
KARTAL,ÇAVUŞOĞLU,15125,14918
KAĞITHANE,EMNİYET EVLERİ,8569,8489
KAĞITHANE,GÜLTEPE,14542,13974
KAĞITHANE,GÜRSEL,28400,27600
KAĞITHANE,HAMİDİYE,4056,40304
KAĞITHANE,HARMANTEPE,22101,21244
KAĞITHANE,HÜRRİYET,20981,20364
KAĞITHANE,MEHMET AKİF ERSOY,12741,12394
KAĞITHANE,MERKEZ,32100,31500
KAĞITHANE,NURTEPE,27121,26556
KAĞITHANE,ORTABAYIR,22715,22039
KAĞITHANE,SEYRANTEPE,23885,23565
KAĞITHANE,SULTAN SELİM,36582,35385
KAĞITHANE,TALATPAŞA,30500,29800
KAĞITHANE,TELSİZLER,11798,11334
KAĞITHANE,YAHYA KEMAL,1604,1668
KAĞITHANE,YEŞİLCE,12252,11937
KAĞITHANE,ÇAĞLAYAN,31895,30794
KAĞITHANE,ÇELİKTEPE,32812,32076
KAĞITHANE,ŞİRİNTEPE,22703,21986
KÜÇÜKÇEKMECE,ATAKENT,105200,104500
KÜÇÜKÇEKMECE,ATATÜRK,43869,42447
KÜÇÜKÇEKMECE,BEŞYOL,3612,3448
KÜÇÜKÇEKMECE,CENNET,30331,29042
KÜÇÜKÇEKMECE,CUMHURİYET,55008,53292
KÜÇÜKÇEKMECE,FATİH,11859,1088
KÜÇÜKÇEKMECE,FEVZİ ÇAKMAK,26954,2655
KÜÇÜKÇEKMECE,GÜLTEPE,30806,29514
KÜÇÜKÇEKMECE,HALKALI MERKEZ,78500,79100
KÜÇÜKÇEKMECE,KANARYA,65400,64200
KÜÇÜKÇEKMECE,KARTALTEPE,14994,15193
KÜÇÜKÇEKMECE,KEMALPAŞA,14951,14519
KÜÇÜKÇEKMECE,MEHMET AKİF,54778,52963
KÜÇÜKÇEKMECE,SULTAN MURAT,15767,15608
KÜÇÜKÇEKMECE,SÖĞÜTLÜ ÇEŞME,34623,33808
KÜÇÜKÇEKMECE,TEVFİKBEY,3658,35463
KÜÇÜKÇEKMECE,YARIMBURGAZ,922,8998
KÜÇÜKÇEKMECE,YENİ MAHALLE,20892,20389
KÜÇÜKÇEKMECE,YEŞİLOVA,33367,32673
KÜÇÜKÇEKMECE,İNÖNÜ,72100,70500
KÜÇÜKÇEKMECE,İSTASYON,41647,42508
MALTEPE,ALTAYÇEŞME,32664,32285
MALTEPE,ALTINTEPE,28500,27900
MALTEPE,AYDINEVLER,20761,21292
MALTEPE,BAĞLARBAŞI,34200,33500
MALTEPE,BAŞIBÜYÜK,21951,25616
MALTEPE,BÜYÜKBAKKALKÖY,11285,10219
MALTEPE,CEVİZLİ,40606,40485
MALTEPE,ESENKENT,18977,18248
MALTEPE,FEYZULLAH,20397,20169
MALTEPE,FINDIKLI,48200,47600
MALTEPE,GÜLENSU,14403,13957
MALTEPE,GÜLSUYU,15097,1475
MALTEPE,GİRNE,19196,19318
MALTEPE,KÜÇÜKYALI MERKEZ,26086,25473
MALTEPE,YALI,131,1274
MALTEPE,ZÜMRÜTEVLER,85400,84100
MALTEPE,ÇINAR,20722,20358
MALTEPE,İDEALTEPE,2497,24509
PENDİK,AHMET YESEVİ,30563,30302
PENDİK,BAHÇELİEVLER,12754,12582
PENDİK,BALLICA,5530,6190
PENDİK,BATI,13635,1336
PENDİK,DOĞU,16099,15284
PENDİK,DUMLUPINAR,27048,268
PENDİK,EMİRLİ,2390,2450
PENDİK,ERTUĞRUL GAZİ,12912,12731
PENDİK,ESENLER,34059,33365
PENDİK,ESENYALI,14283,14052
PENDİK,FATİH,21678,21096
PENDİK,FEVZİ ÇAKMAK,38423,37995
PENDİK,GÖÇBEYLİ,1389,1446
PENDİK,GÜLLÜ BAĞLAR,18308,18633
PENDİK,GÜZELYALI,34241,33881
PENDİK,HARMANDERE,9249,9579
PENDİK,KAVAKPINAR,65400,64800
PENDİK,KAYNARCA,58200,57500
PENDİK,KURNA,1167,1151
PENDİK,KURTDOĞMUŞ,4300,6770
PENDİK,KURTKÖY,37801,37886
PENDİK,ORHANGAZİ,28684,28121
PENDİK,ORTA,3753,3414
PENDİK,RAMAZANOĞLU,2589,247
PENDİK,SANAYİ,3117,3003
PENDİK,SAPAN BAĞLARI,12298,12271
PENDİK,SÜLÜNTEPE,25523,25426
PENDİK,VELİBABA,4206,41421
PENDİK,YAYALAR,13376,13275
PENDİK,YENİ,16198,16138
PENDİK,YENİŞEHİR,65929,65548
PENDİK,YEŞİLBAĞLAR,6631,6794
PENDİK,ÇAMLIK,20044,20387
PENDİK,ÇAMÇEŞME,32377,31931
PENDİK,ÇINARDERE,20241,20591
PENDİK,ŞEYHLİ,19283,19298
SANCAKTEPE,ABDURRAHMANGAZİ,45488,46347
SANCAKTEPE,AKPINAR,24014,24321
SANCAKTEPE,ATATÜRK,31775,31758
SANCAKTEPE,EMEK,22100,21800
SANCAKTEPE,EYÜP SULTAN,23283,23604
SANCAKTEPE,FATİH,3715,37572
SANCAKTEPE,HİLAL,5836,5906
SANCAKTEPE,KEMAL TÜRKLER,22131,22357
SANCAKTEPE,MECLİS,27314,27287
SANCAKTEPE,MERVE,20945,21172
SANCAKTEPE,MEVLANA,21179,21658
SANCAKTEPE,OSMANGAZİ,50733,512
SANCAKTEPE,PAŞAKÖY,1693,1761
SANCAKTEPE,SAFA,24248,24441
SANCAKTEPE,SARIGAZİ,23759,23592
SANCAKTEPE,VEYSEL KARANİ,26271,2611
SANCAKTEPE,YENİDOĞAN,24599,24576
SANCAKTEPE,YUNUS EMRE,27641,27833
SANCAKTEPE,İNÖNÜ,24517,24202
SARIYER,AYAZAĞA,36500,37100
SARIYER,BAHÇEKÖY KEMER,2352,2244
SARIYER,BAHÇEKÖY MERKEZ,3737,3596
SARIYER,BAHÇEKÖY YENİ,503,4971
SARIYER,BALTALİMANI,5151,5051
SARIYER,BÜYÜKDERE,8586,8366
SARIYER,CUMHURİYET,11027,1075
SARIYER,DARÜŞŞAFAKA,8725,8555
SARIYER,DEMİRCİKÖY,1666,1683
SARIYER,EMİRGAN,829,8111
SARIYER,FATİH SULTAN MEHMET,15725,15708
SARIYER,FERAHEVLER,15591,15233
SARIYER,GARİPÇE,3910,3800
SARIYER,GÜMÜŞDERE,368,2673
SARIYER,HUZUR,8408,8204
SARIYER,KAZIM KARABEKİR PAŞA,7943,7877
SARIYER,KISIRKAYA,3530,3670
SARIYER,KOCATAŞ,4473,4479
SARIYER,KUMKÖY (KİLYOS),386,3973
SARIYER,KİREÇBURNU,6888,6598
SARIYER,MADEN,15400,15100
SARIYER,MASLAK,1226,12069
SARIYER,PINAR,1118,10864
SARIYER,POLİGON,6494,6317
SARIYER,PTT EVLERİ,5228,5192
SARIYER,REŞİTPAŞA,1751,17668
SARIYER,RUMELİFENERİ,4337,4516
SARIYER,RUMELİHİSARI,10073,9644
SARIYER,RUMELİKAVAĞI,3657,3659
SARIYER,SARIYER MERKEZ,11935,11734
SARIYER,TARABYA,18200,17800
SARIYER,USKUMRUKÖY,9864,992
SARIYER,YENİ,3262,3284
SARIYER,YENİKÖY,14963,14712
SARIYER,ZEKERİYAKÖY,22558,22527
SARIYER,ÇAMLITEPE,5796,5725
SARIYER,ÇAYIRBAŞI,4935,4815
SARIYER,İSTİNYE,15721,15584
SULTANBEYLİ,ABDURRAHMANGAZİ,28383,27696
SULTANBEYLİ,ADİL,32615,33963
SULTANBEYLİ,AHMET YESEVİ,29952,29766
SULTANBEYLİ,AKŞEMSETTİN,13523,13561
SULTANBEYLİ,BATTALGAZİ,37999,38294
SULTANBEYLİ,FATİH,20861,2091
SULTANBEYLİ,HAMİDİYE,26595,26402
SULTANBEYLİ,HASANPAŞA,28400,27900
SULTANBEYLİ,MECİDİYE,22055,21799
SULTANBEYLİ,MEHMET AKİF,27066,2743
SULTANBEYLİ,MİMAR SİNAN,24513,25088
SULTANBEYLİ,NECİP FAZIL,21388,2212
SULTANBEYLİ,ORHANGAZİ,16139,16439
SULTANBEYLİ,TURGUT REİS,19657,19791
SULTANBEYLİ,YAVUZ SELİM,20056,20172
SULTANGAZİ,50. YIL,72500,70800
SULTANGAZİ,75. YIL,32234,31741
SULTANGAZİ,CEBECİ,61466,59846
SULTANGAZİ,CUMHURİYET,14075,1394
SULTANGAZİ,ESENTEPE,62100,61200
SULTANGAZİ,ESKİ HABİPLER,1313,13292
SULTANGAZİ,GAZİ,35204,34742
SULTANGAZİ,HABİBLER,7686,789
SULTANGAZİ,MALKOÇOĞLU,13492,13197
SULTANGAZİ,SULTANÇİFTLİĞİ,38091,37503
SULTANGAZİ,UĞUR MUMCU,45800,45100
SULTANGAZİ,YAYLA,8132,7922
SULTANGAZİ,YUNUS EMRE,53338,52156
SULTANGAZİ,ZÜBEYDE HANIM,32264,3158
SULTANGAZİ,İSMETPAŞA,54200,53500
SİLİVRİ,AKÖREN,1373,1463
SİLİVRİ,ALİBEY,18072,17666
SİLİVRİ,ALİPAŞA,10,102
SİLİVRİ,BEKİRLİ,2070,2270
SİLİVRİ,BEYCİLER,1399,1386
SİLİVRİ,BÜYÜK KILIÇLI,1237,1259
SİLİVRİ,BÜYÜK SİNEKLİ,4050,4410
SİLİVRİ,BÜYÜK ÇAVUŞLU,3238,3235
SİLİVRİ,CUMHURİYET,8897,9285
SİLİVRİ,DANAMANDIRA,1086,1118
SİLİVRİ,DEĞİRMENKÖY FEVZİPAŞA,3374,3506
SİLİVRİ,DEĞİRMENKÖY İSMETPAŞA,3318,3325
SİLİVRİ,FATİH,6812,6796
SİLİVRİ,FENER,1509,1505
SİLİVRİ,GAZİTEPE,1298,1258
SİLİVRİ,GÜMÜŞYAKA,8500,8900
SİLİVRİ,KADIKÖY,1454,145
SİLİVRİ,KAVAKLI HÜRRİYET,1761,1765
SİLİVRİ,KAVAKLI İSTİKLAL,2038,1995
SİLİVRİ,KURFALLI,4920,5520
SİLİVRİ,KÜÇÜK KILIÇLI,3210,3220
SİLİVRİ,KÜÇÜK SİNEKLİ,1450,1450
SİLİVRİ,MİMAR SİNAN,24466,27684
SİLİVRİ,ORTAKÖY,4131,4224
SİLİVRİ,PİRİ MEHMET PAŞA,8221,8068
SİLİVRİ,SAYALAR,9000,9250
SİLİVRİ,SELİMPAŞA,23378,23963
SİLİVRİ,SEMİZKUMLAR,29821,27901
SİLİVRİ,SEYMEN,1038,1045
SİLİVRİ,YENİ MAHALLE,43469,45189
SİLİVRİ,YOLÇATI,3980,4020
SİLİVRİ,ÇANTA BALABAN,4168,4366
SİLİVRİ,ÇANTA SANCAKTEPE,6033,6217
SİLİVRİ,ÇAYIRDERE,1417,1417
SİLİVRİ,ÇELTİK,1049,1048
TUZLA,AKFIRAT,2685,2753
TUZLA,ANADOLU,8400,8390
TUZLA,AYDINLI,65200,66500
TUZLA,AYDINTEPE,27075,26917
TUZLA,CAMİ,5713,5805
TUZLA,EVLİYA ÇELEBİ,13707,14026
TUZLA,FATİH,1088,1148
TUZLA,MESCİT,514,5225
TUZLA,MİMAR SİNAN,27398,27919
TUZLA,ORHANLI,1922,1933
TUZLA,ORTA,9923,11263
TUZLA,POSTANE,21143,21144
TUZLA,TEPEÖREN,6646,7098
TUZLA,YAYLA,24500,24800
TUZLA,İSTASYON,21800,22100
TUZLA,İÇMELER,11013,10958
TUZLA,ŞİFA,31998,31879
ZEYTİNBURNU,BEŞTELSİZ,21094,2059
ZEYTİNBURNU,GÖKALP,19511,18641
ZEYTİNBURNU,KAZLIÇEŞME,4844,4779
ZEYTİNBURNU,MALTEPE,9601,1003
ZEYTİNBURNU,MERKEZEFENDİ,25743,24333
ZEYTİNBURNU,NURİPAŞA,28362,26814
ZEYTİNBURNU,SEYİTNİZAM,23879,22096
ZEYTİNBURNU,SÜMER,42500,41200
ZEYTİNBURNU,TELSIZ,36200,35100
ZEYTİNBURNU,VELIEFENDI,38400,37100
ZEYTİNBURNU,YEŞILTEPE,24500,23600
ZEYTİNBURNU,ÇIRPICI,27172,26082
ÇATALCA,AKALAN,782,846
ÇATALCA,ATATÜRK,1210,1391
ÇATALCA,AYDINLAR,728,809
ÇATALCA,BAHŞAYİŞ,3730,4290
ÇATALCA,BAŞAK,3770,4240
ÇATALCA,BELGRAT,504,594
ÇATALCA,CELEPKÖY,181,204
ÇATALCA,DAĞYENİCE,7340,8010
ÇATALCA,ELBASAN,588,673
ÇATALCA,FATİH,128,1431
ÇATALCA,FERHATPAŞA,24391,22802
ÇATALCA,GÖKÇEALİ,1982,207
ÇATALCA,GÜMÜŞPINAR,1046,1111
ÇATALCA,HALLAÇLI,1083,1121
ÇATALCA,HİSARBEYLİ,3550,3630
ÇATALCA,KABAKÇA,1599,1656
ÇATALCA,KALEİÇİ,7616,7495
ÇATALCA,KALFA,147,172
ÇATALCA,KARACAKÖY MERKEZ,2276,2235
ÇATALCA,KARAMANDERE,587,620
ÇATALCA,KESTANELİK,2418,2446
ÇATALCA,KIZILCAALİ,2030,2060
ÇATALCA,MURATBEY MERKEZ,1756,1673
ÇATALCA,NAKKAŞ,953,1002
ÇATALCA,OKLALI,1358,1406
ÇATALCA,ORMANLI,1251,1341
ÇATALCA,OVAYENİCE,1125,1196
ÇATALCA,SUBAŞI,1982,2045
ÇATALCA,YALIKÖY,1618,1686
ÇATALCA,YAYLACIK,382,419
ÇATALCA,YAZLIK,509,569
ÇATALCA,ÇAKIL,2603,2640
ÇATALCA,ÇANAKÇA,1989,2011
ÇATALCA,ÇİFTLİKKÖY,1834,1932
ÇATALCA,ÖRCÜNLÜ,443,462
ÇATALCA,ÖRENCİK,9070,1034
ÇATALCA,İHSANİYE,1728,1826
ÇATALCA,İNCEĞİZ,8630,1107
ÇATALCA,İZZETTİN,12,1333
ÇEKMEKÖY,ALEMDAĞ,27888,27992
ÇEKMEKÖY,AYDINLAR,6423,6369
ÇEKMEKÖY,CUMHURİYET,17147,17209
ÇEKMEKÖY,EKŞİOĞLU,9076,9396
ÇEKMEKÖY,GÜNGÖREN,10724,10580
ÇEKMEKÖY,HAMİDİYE,30048,29629
ÇEKMEKÖY,HÜSEYİNLİ,8840,8920
ÇEKMEKÖY,KOÇULLU,1493,1591
ÇEKMEKÖY,KİRAZLIDERE,10238,10522
ÇEKMEKÖY,MEHMET AKİF,32658,32116
ÇEKMEKÖY,MERKEZ,15221,15861
ÇEKMEKÖY,MİMAR SİNAN,2655,26319
ÇEKMEKÖY,NİŞANTEPE,11958,12476
ÇEKMEKÖY,REŞADİYE,2508,2783
ÇEKMEKÖY,SIRAPINAR,1446,1514
ÇEKMEKÖY,SOĞUKPINAR,9414,9512
ÇEKMEKÖY,SULTANÇİFTLİĞİ,1877,19646
ÇEKMEKÖY,TAŞDELEN,4469,4637
ÇEKMEKÖY,ÇAMLIK,22083,22028
ÇEKMEKÖY,ÇATALMEŞE,9077,9219
ÇEKMEKÖY,ÖMERLİ,5313,5614
ÜMRANİYE,ADEM YAVUZ,17028,16766
ÜMRANİYE,ALTINŞEHİR,28984,28363
ÜMRANİYE,ARMAĞANEVLER,42500,41800
ÜMRANİYE,ATAKENT,20318,19933
ÜMRANİYE,ATATÜRK,24751,24104
ÜMRANİYE,AŞAĞI DUDULLU,14656,1504
ÜMRANİYE,CEMİL MERİÇ,22374,21718
ÜMRANİYE,DUMLUPINAR,12263,12024
ÜMRANİYE,ELMALIKENT,22155,21956
ÜMRANİYE,ESENEVLER,26532,26149
ÜMRANİYE,ESENKENT,21413,21439
ÜMRANİYE,ESENŞEHİR,20907,20732
ÜMRANİYE,FATİH SULTAN MEHMET,4717,4658
ÜMRANİYE,FİNANSKENT,1488,8113
ÜMRANİYE,HEKİMBAŞI,7623,7355
ÜMRANİYE,HUZUR,12207,1207
ÜMRANİYE,IHLAMURKUYU,16086,15903
ÜMRANİYE,KAZIM KARABEKİR,16322,1583
ÜMRANİYE,MADENLER,1585,15597
ÜMRANİYE,MEHMET AKİF,26393,2615
ÜMRANİYE,NAMIK KEMAL,28500,27900
ÜMRANİYE,NECİP FAZIL,28675,28327
ÜMRANİYE,PARSELLER,16029,15821
ÜMRANİYE,SİTE,21868,21465
ÜMRANİYE,TANTAVİ,11757,11784
ÜMRANİYE,TATLISU,22779,22972
ÜMRANİYE,TEPEÜSTÜ,137,13449
ÜMRANİYE,TOPAĞACI,14167,13826
ÜMRANİYE,YAMANEVLER,16072,17889
ÜMRANİYE,YUKARI DUDULLU,21761,21532
ÜMRANİYE,ÇAKMAK,38400,37900
ÜMRANİYE,ÇAMLIK,24393,24097
ÜMRANİYE,İNKILAP,31608,34935
ÜMRANİYE,İSTİKLAL,49416,48047
ÜMRANİYE,ŞERİFALİ,9531,9502
ÜSKÜDAR,ACIBADEM,24800,24200
ÜSKÜDAR,AHMEDİYE,8983,8638
ÜSKÜDAR,ALTUNİZADE,13459,12397
ÜSKÜDAR,AZİZ MAHMUT HÜDAYİ,8664,8608
ÜSKÜDAR,BAHÇELİEVLER,22816,22909
ÜSKÜDAR,BARBAROS,17746,16999
ÜSKÜDAR,BEYLERBEYİ,5168,5165
ÜSKÜDAR,BULGURLU,26500,26100
ÜSKÜDAR,BURHANİYE,16438,16304
ÜSKÜDAR,CUMHURİYET,37836,37696
ÜSKÜDAR,FERAH,215,21426
ÜSKÜDAR,GÜZELTEPE,13252,1324
ÜSKÜDAR,KANDİLLİ,1396,141
ÜSKÜDAR,KISIKLI,20403,20253
ÜSKÜDAR,KULELİ,3849,4142
ÜSKÜDAR,KUZGUNCUK,4151,3981
ÜSKÜDAR,KÜPLÜCE,1723,16852
ÜSKÜDAR,KÜÇÜK ÇAMLICA,10791,1098
ÜSKÜDAR,KÜÇÜKSU,19075,18514
ÜSKÜDAR,KİRAZLITEPE,906,9355
ÜSKÜDAR,MEHMET AKİF ERSOY,19762,1955
ÜSKÜDAR,MURATREİS,13651,13607
ÜSKÜDAR,MİMAR SİNAN,11691,11478
ÜSKÜDAR,SALACAK,9522,935
ÜSKÜDAR,SELAMİ ALİ,13274,13011
ÜSKÜDAR,SELİMİYE,8499,8023
ÜSKÜDAR,SULTANTEPE,10874,10573
ÜSKÜDAR,VALİDE-İ ATİK,20686,20278
ÜSKÜDAR,YAVUZTÜRK,32100,31500
ÜSKÜDAR,ZEYNEP KAMİL,12106,11877
ÜSKÜDAR,ÇENGELKÖY,13801,13623
ÜSKÜDAR,ÜNALAN,34500,33800
ÜSKÜDAR,İCADİYE,15962,15762
ŞİLE,AHMETLİ,2875,2984
ŞİLE,AKÇAKESE,4980,5240
ŞİLE,ALACALI,6190,6820
ŞİLE,AVCIKORU,1120,1540
ŞİLE,AĞAÇDERE,1090,1240
ŞİLE,AĞVA MERKEZ,2600,2800
ŞİLE,BALİBEY,368,395
ŞİLE,BIÇKIDERE,3120,4320
ŞİLE,BOZGOCA,1140,1210
ŞİLE,BUCAKLI,3580,3790
ŞİLE,DARLIK,1810,1970
ŞİLE,DEĞİRMENÇAYIRI,5320,6380
ŞİLE,DOĞANCILI,8480,8740
ŞİLE,ERENLER,1440,1450
ŞİLE,ESENCELİ,690,1110
ŞİLE,GEREDELİ,6450,7440
ŞİLE,GÖKMAŞLI,1980,2350
ŞİLE,GÖKSU,2910,3030
ŞİLE,GÖÇE,7770,8430
ŞİLE,HACI KASIM,103,102
ŞİLE,HACILLI,2530,2730
ŞİLE,HASANLI,2580,2910
ŞİLE,KABAKOZ,6570,7550
ŞİLE,KADIKÖY,1930,3740
ŞİLE,KALEM,3150,3500
ŞİLE,KARABEYLİ,2230,2500
ŞİLE,KARACAKÖY,2900,3360
ŞİLE,KARAKİRAZ,2740,3210
ŞİLE,KARAMANDERE,3280,3720
ŞİLE,KERVANSARAY,3440,5290
ŞİLE,KIZILCA,5970,6620
ŞİLE,KORUCU,2300,2470
ŞİLE,KUMBABA,3800,4100
ŞİLE,KURFALLI,2980,3360
ŞİLE,KURNA,2270,2730
ŞİLE,KÖMÜRLÜK,2320,2520
ŞİLE,MEŞRUTİYET,2109,242
ŞİLE,ORUÇOĞLU,3970,5240
ŞİLE,OSMANKÖY,2780,3020
ŞİLE,OVACIK,1750,1820
ŞİLE,SAHİLKÖY,9610,1098
ŞİLE,SATMAZLI,4540,5460
ŞİLE,SOFULAR,3020,3550
ŞİLE,SORTULLU,1250,1730
ŞİLE,SOĞULLU,2050,2010
ŞİLE,TEKE,4980,5090
ŞİLE,ULUPELİT,2360,2240
ŞİLE,YAKA,2760,4520
ŞİLE,YAYLALI,670,830
ŞİLE,YAZIMANAYIR,2040,2100
ŞİLE,YENİKÖY,4490,4750
ŞİLE,YEŞİLVADİ,2080,4010
ŞİLE,ÇATAKLI,2430,2510
ŞİLE,ÇAVUŞ,10500,11200
ŞİLE,ÇAYIRBAŞI,1132,1309
ŞİLE,ÇELEBİ,1730,3370
ŞİLE,ÇENGİLLİ,2080,2160
ŞİLE,ÜVEZLİ,4610,5930
ŞİLE,İMRENDERE,3680,4290
ŞİLE,İMRENLİ,3280,4280
ŞİLE,İSAKÖY,1600,3530
ŞİLE,ŞUAYİPLİ,2680,3080
ŞİŞLİ,19 MAYIS,11607,10886
ŞİŞLİ,BOZKURT,10292,9914
ŞİŞLİ,CUMHURİYET,8097,7576
ŞİŞLİ,DUATEPE,7731,7615
ŞİŞLİ,ERGENEKON,2407,2254
ŞİŞLİ,ESENTEPE,7332,7006
ŞİŞLİ,ESKİŞEHİR,12092,11534
ŞİŞLİ,FERİKÖY,14081,13589
ŞİŞLİ,FULYA,17422,16666
ŞİŞLİ,GÜLBAHAR,24500,23800
ŞİŞLİ,HALASKARGAZİ,1647,1672
ŞİŞLİ,HALİDE EDİP ADIVAR,17077,16596
ŞİŞLİ,HALİL RIFAT PAŞA,6592,6651
ŞİŞLİ,HARBİYE,2157,2217
ŞİŞLİ,KAPTANPAŞA,3275,3208
ŞİŞLİ,KUŞTEPE,16456,15567
ŞİŞLİ,MAHMUT ŞEVKET PAŞA,18677,18044
ŞİŞLİ,MECİDİYEKÖY,20006,18893
ŞİŞLİ,MERKEZ,13452,1289
ŞİŞLİ,MEŞRUTİYET,7552,7103
ŞİŞLİ,PAŞA,19569,18955
ŞİŞLİ,TEŞVİKİYE,11274,10735
ŞİŞLİ,YAYLA,11657,11398
ŞİŞLİ,İNÖNÜ,3608,308
ŞİŞLİ,İZZET PAŞA,7786,7563
