ilce,komsu_ilce
Arnavutköy,Arnavutköy
Arnavutköy,Başakşehir
Arnavutköy,Büyükçekmece
Arnavutköy,Esenyurt
Arnavutköy,Eyüpsultan
Arnavutköy,Çatalca
Ataşehir,Kadıköy
Ataşehir,Maltepe
Ataşehir,Sancaktepe
Ataşehir,Ümraniye
Ataşehir,Üsküdar
Avcılar,Avcılar
Avcılar,Başakşehir
Avcılar,Beylikdüzü
Avcılar,Esenyurt
Avcılar,Küçükçekmece
Bahçelievler,Bakırköy
Bahçelievler,Bağcılar
Bahçelievler,Güngören
Bahçelievler,Küçükçekmece
Bakırköy,Bahçelievler
Bakırköy,Güngören
Bakırköy,Küçükçekmece
Bakırköy,Zeytinburnu
Bayrampaşa,Bayrampaşa
Bayrampaşa,Esenler
Bayrampaşa,Eyüpsultan
Bayrampaşa,Gaziosmanpaşa
Bayrampaşa,Zeytinburnu
Bağcılar,Bahçelievler
Bağcılar,Bağcılar
Bağcılar,Başakşehir
Bağcılar,Esenler
Bağcılar,Güngören
Bağcılar,Küçükçekmece
Başakşehir,Arnavutköy
Başakşehir,Avcılar
Başakşehir,Bağcılar
Başakşehir,Esenler
Başakşehir,Esenyurt
Başakşehir,Eyüpsultan
Başakşehir,Küçükçekmece
Başakşehir,Sultangazi
Beykoz,Beykoz
Beykoz,Çekmeköy
Beykoz,Ümraniye
Beykoz,Üsküdar
Beykoz,Şile
Beylikdüzü,Avcılar
Beylikdüzü,Büyükçekmece
Beylikdüzü,Esenyurt
Beyoğlu,Beyoğlu
Beyoğlu,Beşiktaş
Beyoğlu,Kâğıthane
Beyoğlu,Şişli
Beşiktaş,Beyoğlu
Beşiktaş,Beşiktaş
Beşiktaş,Sarıyer
Beşiktaş,Şişli
Büyükçekmece,Arnavutköy
Büyükçekmece,Beylikdüzü
Büyükçekmece,Büyükçekmece
Büyükçekmece,Esenyurt
Büyükçekmece,Silivri
Büyükçekmece,Çatalca
Derince,Kandıra
Derince,Körfez
Derince,Şile
Esenler,Bayrampaşa
Esenler,Bağcılar
Esenler,Başakşehir
Esenler,Esenler
Esenler,Gaziosmanpaşa
Esenler,Güngören
Esenler,Sultangazi
Esenler,Zeytinburnu
Esenyurt,Arnavutköy
Esenyurt,Avcılar
Esenyurt,Başakşehir
Esenyurt,Beylikdüzü
Esenyurt,Büyükçekmece
Esenyurt,Esenyurt
Eyüpsultan,Arnavutköy
Eyüpsultan,Bayrampaşa
Eyüpsultan,Başakşehir
Eyüpsultan,Eyüpsultan
Eyüpsultan,Fatih
Eyüpsultan,Gaziosmanpaşa
Eyüpsultan,Kâğıthane
Eyüpsultan,Sarıyer
Eyüpsultan,Sultangazi
Eyüpsultan,Zeytinburnu
Fatih,Eyüpsultan
Fatih,Fatih
Fatih,Zeytinburnu
Gaziosmanpaşa,Bayrampaşa
Gaziosmanpaşa,Esenler
Gaziosmanpaşa,Eyüpsultan
Gaziosmanpaşa,Sultangazi
Gebze,Gebze
Gebze,Körfez
Gebze,Pendik
Gebze,Tuzla
Gebze,Çayırova
Gebze,Şile
Güngören,Bahçelievler
Güngören,Bakırköy
Güngören,Bağcılar
Güngören,Esenler
Güngören,Zeytinburnu
Kadıköy,Ataşehir
Kadıköy,Maltepe
Kadıköy,Üsküdar
Kandıra,Derince
Kandıra,Kandıra
Kandıra,Şile
Kapaklı,Kapaklı
Kapaklı,Saray
Kapaklı,Çatalca
Kapaklı,Çerkezköy
Kartal,Maltepe
Kartal,Pendik
Kartal,Sancaktepe
Kartal,Sultanbeyli
Kâğıthane,Beyoğlu
Kâğıthane,Eyüpsultan
Kâğıthane,Kâğıthane
Kâğıthane,Sarıyer
Kâğıthane,Şişli
Körfez,Derince
Körfez,Gebze
Körfez,Körfez
Körfez,Şile
Küçükçekmece,Avcılar
Küçükçekmece,Bahçelievler
Küçükçekmece,Bakırköy
Küçükçekmece,Bağcılar
Küçükçekmece,Başakşehir
Küçükçekmece,Küçükçekmece
Maltepe,Ataşehir
Maltepe,Kadıköy
Maltepe,Kartal
Maltepe,Sancaktepe
Marmaraereğlisi,Marmaraereğlisi
Marmaraereğlisi,Silivri
Marmaraereğlisi,Çorlu
Ocaklı Ada,Ocaklı Ada
Ocaklı Ada,Şile
Pendik,Gebze
Pendik,Kartal
Pendik,Pendik
Pendik,Sancaktepe
Pendik,Sultanbeyli
Pendik,Tuzla
Pendik,Çekmeköy
Pendik,Şile
Sancaktepe,Ataşehir
Sancaktepe,Kartal
Sancaktepe,Maltepe
Sancaktepe,Pendik
Sancaktepe,Sancaktepe
Sancaktepe,Sultanbeyli
Sancaktepe,Çekmeköy
Sancaktepe,Ümraniye
Saray,Kapaklı
Saray,Vize
Saray,Çatalca
Sarıyer,Beşiktaş
Sarıyer,Eyüpsultan
Sarıyer,Kâğıthane
Sarıyer,Sarıyer
Sarıyer,Şişli
Silivri,Büyükçekmece
Silivri,Marmaraereğlisi
Silivri,Silivri
Silivri,Çatalca
Silivri,Çerkezköy
Silivri,Çorlu
Sultanbeyli,Kartal
Sultanbeyli,Pendik
Sultanbeyli,Sancaktepe
Sultangazi,Başakşehir
Sultangazi,Esenler
Sultangazi,Eyüpsultan
Sultangazi,Gaziosmanpaşa
Tuzla,Gebze
Tuzla,Pendik
Tuzla,Tuzla
Tuzla,Çayırova
Vize,Saray
Zeytinburnu,Bakırköy
Zeytinburnu,Bayrampaşa
Zeytinburnu,Esenler
Zeytinburnu,Eyüpsultan
Zeytinburnu,Fatih
Zeytinburnu,Güngören
Zeytinburnu,Zeytinburnu Belediyesi
Zeytinburnu Belediyesi,Zeytinburnu
Çatalca,Arnavutköy
Çatalca,Büyükçekmece
Çatalca,Kapaklı
Çatalca,Saray
Çatalca,Silivri
Çatalca,Çatalca
Çatalca,Çerkezköy
Çayırova,Gebze
Çayırova,Tuzla
Çekmeköy,Beykoz
Çekmeköy,Pendik
Çekmeköy,Sancaktepe
Çekmeköy,Çekmeköy
Çekmeköy,Ümraniye
Çekmeköy,Şile
Çerkezköy,Kapaklı
Çerkezköy,Silivri
Çerkezköy,Çatalca
Çerkezköy,Çorlu
Çorlu,Marmaraereğlisi
Çorlu,Silivri
Çorlu,Çerkezköy
Ümraniye,Ataşehir
Ümraniye,Beykoz
Ümraniye,Sancaktepe
Ümraniye,Çekmeköy
Ümraniye,Ümraniye
Ümraniye,Üsküdar
Üsküdar,Ataşehir
Üsküdar,Beykoz
Üsküdar,Kadıköy
Üsküdar,Ümraniye
Üsküdar,Üsküdar
Şile,Beykoz
Şile,Derince
Şile,Gebze
Şile,Kandıra
Şile,Körfez
Şile,Ocaklı Ada
Şile,Pendik
Şile,Çekmeköy
Şile,Şile
Şişli,Beyoğlu
Şişli,Beşiktaş
Şişli,Kâğıthane
Şişli,Sarıyer
Şişli,Şişli
